auc_pr,roc_auc,brier,threshold,precision,recall,f1,tn,fp,fn,tp,costo_q,alertas_por_100k
0.3689589320787886,0.8295915915611867,0.025750328435860163,0.02561128401055442,0.13708187974553662,0.6498054474708171,0.22640230469411965,25771,4205,360,668,2268900.0,15717.326796542384
0.3689589320787886,0.8295915915611867,0.025750328435860163,0.02554267767371092,0.13593020896733618,0.6517509727626459,0.22494544233674668,25717,4259,358,670,2270220.0,15897.948651786866
0.3689589320787886,0.8295915915611867,0.025750328435860163,0.025588624055050933,0.13657738703741565,0.6498054474708171,0.22571380300726474,25753,4223,360,668,2272140.0,15775.383821442396
0.3689589320787886,0.8295915915611867,0.025750328435860163,0.025796795647867094,0.1399237933954276,0.6429961089494164,0.22983310152990263,25913,4063,367,661,2272740.0,15236.743645981163
0.3689589320787886,0.8295915915611867,0.025750328435860163,0.025512086031796177,0.13543561754598746,0.6517509727626459,0.22426778242677825,25699,4277,358,670,2273460.0,15956.00567668688
0.3689589320787886,0.8295915915611867,0.025750328435860163,0.025819268250308145,0.14027630180658873,0.642023346303502,0.2302459445316588,25931,4045,368,660,2273700.0,15175.461230808929
0.3689589320787886,0.8295915915611867,0.025750328435860163,0.025342034728092714,0.1326530612244898,0.6575875486381323,0.22077073807968647,25556,4420,352,676,2274000.0,16436.588827248095
0.3689589320787886,0.8295915915611867,0.025750328435860163,0.02573944385917701,0.13904641881957572,0.6439688715953308,0.22870962169632061,25877,4099,366,662,2275020.0,15356.083086053413
0.3689589320787886,0.8295915915611867,0.025750328435860163,0.025660300486950706,0.1375387797311272,0.646887159533074,0.22684632440730002,25806,4170,363,665,2275200.0,15594.76196619791
0.3689589320787886,0.8295915915611867,0.025750328435860163,0.025564652676113908,0.1360488798370672,0.6498054474708171,0.22499157965644997,25734,4242,360,668,2275560.0,15836.66623661463
0.3689589320787886,0.8295915915611867,0.025750328435860163,0.025476744895075232,0.13463081861958268,0.6527237354085603,0.22322022621423818,25663,4313,357,671,2275740.0,16075.345116759127
0.3689589320787886,0.8295915915611867,0.025750328435860163,0.02576875885005972,0.13939266132433573,0.6429961089494164,0.2291161178509532,25895,4081,367,661,2275980.0,15294.800670881175
0.3689589320787886,0.8295915915611867,0.025750328435860163,0.02588455777281111,0.14132071413207142,0.6391050583657587,0.23146027831601199,25984,3992,371,657,2276760.0,14994.839375564443
0.3689589320787886,0.8295915915611867,0.025750328435860163,0.025495104337301577,0.13491743858236005,0.6517509727626459,0.2235568902235569,25680,4296,358,670,2276880.0,16017.288091859115
0.3689589320787886,0.8295915915611867,0.025750328435860163,0.02569724000200687,0.1381825760733639,0.6449416342412452,0.22760041194644695,25841,4135,365,663,2277300.0,15475.422526125662
0.3689589320787886,0.8295915915611867,0.025750328435860163,0.025327368791044007,0.1321603128054741,0.6575875486381323,0.22008790493244343,25537,4439,352,676,2277420.0,16497.871242420333
0.3689589320787886,0.8295915915611867,0.025750328435860163,0.02571953652321696,0.1384937238493724,0.6439688715953308,0.22796143250688705,25858,4118,366,662,2278440.0,15417.36550122565
0.3689589320787886,0.8295915915611867,0.025750328435860163,0.025632233112755486,0.13700041203131438,0.646887159533074,0.22611356681400885,25787,4189,363,665,2278620.0,15656.044381370146
0.3689589320787886,0.8295915915611867,0.025750328435860163,0.025451345244057805,0.13411952828303017,0.6527237354085603,0.22251699552313048,25644,4332,357,671,2279160.0,16136.627531931363
0.3689589320787886,0.8295915915611867,0.025750328435860163,0.02584108648756653,0.14038830808619587,0.6400778210116731,0.23027121609798776,25947,4029,370,658,2279220.0,15117.404205908915
0.3689589320787886,0.8295915915611867,0.025750328435860163,0.02536195830963106,0.13275556430963167,0.6556420233463035,0.2208026208026208,25573,4403,354,674,2279340.0,16375.30641207586
0.3689589320787886,0.8295915915611867,0.025750328435860163,0.025276261652727828,0.1314052795031056,0.6585603112840467,0.2190938511326861,25501,4475,351,677,2279700.0,16617.21068249258
0.3689589320787886,0.8295915915611867,0.025750328435860163,0.025862915015710343,0.14074550128534705,0.6391050583657587,0.230688202247191,25965,4011,371,657,2280180.0,15056.121790736679
0.3689589320787886,0.8295915915611867,0.025750328435860163,0.02529527790020381,0.13169686343269044,0.6575875486381323,0.21944489530920305,25519,4457,352,676,2280660.0,16555.928267320345
0.3689589320787886,0.8295915915611867,0.025750328435860163,0.025676917666160818,0.13763753373468965,0.6449416342412452,0.22686056458511547,25822,4154,365,663,2280720.0,15536.704941297896
0.3689589320787886,0.8295915915611867,0.025750328435860163,0.02689114593224031,0.15683345780433158,0.6128404669260701,0.24975222993062438,26589,3387,398,630,2281260.0,12956.392723519546
0.3689589320787886,0.8295915915611867,0.025750328435860163,0.02540933860215182,0.13333333333333333,0.6536964980544747,0.22148978246539222,25608,4368,356,672,2281440.0,16255.966972003613
0.3689589320787886,0.8295915915611867,0.025750328435860163,0.026923821922409656,0.15732866433216608,0.6118677042801557,0.2502984480700358,26607,3369,399,629,2282220.0,12895.11030834731
0.3689589320787886,0.8295915915611867,0.025750328435860163,0.025432942512911148,0.1336121067303863,0.6527237354085603,0.22181818181818183,25625,4351,357,671,2282580.0,16197.9099471036
0.3689589320787886,0.8295915915611867,0.025750328435860163,0.025260204873682274,0.1309477756286267,0.6585603112840467,0.21845756695708293,25483,4493,351,677,2282940.0,16675.267707392595
0.3689589320787886,0.8295915915611867,0.025750328435860163,0.026831171059539357,0.15564874198322645,0.6138132295719845,0.24832743014561195,26553,3423,397,631,2283540.0,13075.732163591794
0.3689589320787886,0.8295915915611867,0.025750328435860163,0.026862681948231035,0.15613382899628253,0.6128404669260701,0.24886430969780762,26571,3405,398,630,2284500.0,13014.44974841956
0.3689589320787886,0.8295915915611867,0.025750328435860163,0.0253875959414326,0.13283257560782763,0.6536964980544747,0.2207984228684081,25589,4387,356,672,2284860.0,16317.249387175847
0.3689589320787886,0.8295915915611867,0.025750328435860163,0.02522588364791834,0.13018433179723501,0.6595330739299611,0.21744708146247593,25446,4530,350,678,2285400.0,16797.832537737067
0.3689589320787886,0.8295915915611867,0.025750328435860163,0.02675067241151031,0.15448545587875825,0.6147859922178989,0.2469232271928111,26517,3459,396,632,2285820.0,13195.071603664044
0.3689589320787886,0.8295915915611867,0.025750328435860163,0.025244843835155226,0.13046829832337636,0.6585603112840467,0.2177899308348078,25464,4512,351,677,2286360.0,16736.55012256483
0.3689589320787886,0.8295915915611867,0.025750328435860163,0.025903938315216212,0.1412221982293241,0.6361867704280155,0.23113624315250045,25999,3977,374,654,2286660.0,14936.782350664429
0.3689589320787886,0.8295915915611867,0.025750328435860163,0.026787374193492988,0.15492266142892216,0.6138132295719845,0.2474024701039012,26534,3442,397,631,2286960.0,13137.01457876403
0.3689589320787886,0.8295915915611867,0.025750328435860163,0.02695850055024859,0.15753768844221105,0.6099221789883269,0.2503993610223642,26623,3353,401,627,2287740.0,12837.053283447298
0.3689589320787886,0.8295915915611867,0.025750328435860163,0.026704694436351813,0.15334302325581395,0.6157587548638133,0.24553917765709854,26481,3495,395,633,2288100.0,13314.411043736294
0.3689589320787886,0.8295915915611867,0.025750328435860163,0.02519922114851229,0.12973593570608496,0.6595330739299611,0.2168212344099776,25428,4548,350,678,2288640.0,16855.88956263708
0.3689589320787886,0.8295915915611867,0.025750328435860163,0.026993056125975957,0.15804089876293864,0.6089494163424124,0.2509520946081379,26641,3335,402,626,2288700.0,12775.77086827506
0.3689589320787886,0.8295915915611867,0.025750328435860163,0.026193803756083177,0.1457297785811116,0.627431906614786,0.23652365236523654,26195,3781,383,645,2289180.0,14275.577344858728
0.3689589320787886,0.8295915915611867,0.025750328435860163,0.026725352382825234,0.1537712895377129,0.6147859922178989,0.24601012066952122,26498,3478,396,632,2289240.0,13256.35401883628
0.3689589320787886,0.8295915915611867,0.025750328435860163,0.0260925925272642,0.14396800710953123,0.6303501945525292,0.23440043407487793,26123,3853,380,648,2289540.0,14517.481615275448
0.3689589320787886,0.8295915915611867,0.025750328435860163,0.026224378421143533,0.1461311549807125,0.6264591439688716,0.23698252069917203,26213,3763,384,644,2290140.0,14214.294929686492
0.3689589320787886,0.8295915915611867,0.025750328435860163,0.0261163049437679,0.14435519857206605,0.6293774319066148,0.23484573502722322,26141,3835,381,647,2290500.0,14456.199200103212
0.3689589320787886,0.8295915915611867,0.025750328435860163,0.02614222037084313,0.14474568675778623,0.6284046692607004,0.23529411764705882,26159,3817,382,646,2291460.0,14394.916784930978
0.3689589320787886,0.8295915915611867,0.025750328435860163,0.026663094776243304,0.15264046298529058,0.6157587548638133,0.24463768115942028,26462,3514,395,633,2291520.0,13375.693458908527
0.3689589320787886,0.8295915915611867,0.025750328435860163,0.02517664464643569,0.1292659675881792,0.6595330739299611,0.21616451458632233,25409,4567,350,678,2292060.0,16917.171977809314
0.3689589320787886,0.8295915915611867,0.025750328435860163,0.02616186200998174,0.14510686164229472,0.627431906614786,0.2357025397405445,26176,3800,383,645,2292600.0,14336.859760030966
0.3689589320787886,0.8295915915611867,0.025750328435860163,0.02606454465190665,0.14339455631776943,0.6303501945525292,0.23363980530016226,26105,3871,380,648,2292780.0,14575.538640175462
0.3689589320787886,0.8295915915611867,0.025750328435860163,0.026605546633121202,0.15152963671128106,0.6167315175097277,0.24328472755180353,26426,3550,394,634,2293800.0,13495.032898980777
0.3689589320787886,0.8295915915611867,0.025750328435860163,0.02597689883344821,0.14207650273224043,0.632295719844358,0.23201856148491878,26051,3925,378,650,2294100.0,14756.160495419945
0.3689589320787886,0.8295915915611867,0.025750328435860163,0.02662928035240087,0.15194431108977435,0.6157587548638133,0.2437427801309203,26443,3533,395,633,2294940.0,13436.975874080765
0.3689589320787886,0.8295915915611867,0.025750328435860163,0.026522507288341834,0.15,0.6186770428015564,0.24145785876993167,26372,3604,392,636,2295120.0,13675.654754225261
0.3689589320787886,0.8295915915611867,0.025750328435860163,0.02516004904286125,0.12882386471594148,0.6595330739299611,0.21554601812112542,25391,4585,350,678,2295300.0,16975.229002709326
0.3689589320787886,0.8295915915611867,0.025750328435860163,0.02741659611750941,0.16400425985090522,0.5992217898832685,0.25752508361204013,26836,3140,412,616,2295600.0,12114.565862469359
0.3689589320787886,0.8295915915611867,0.025750328435860163,0.026256554119972592,0.14627477785372522,0.6245136186770428,0.23703156728816688,26229,3747,386,642,2295660.0,14156.237904786478
0.3689589320787886,0.8295915915611867,0.025750328435860163,0.026549295296622998,0.15043828476664298,0.617704280155642,0.24195084778052964,26390,3586,393,635,2296080.0,13614.372339053025
0.3689589320787886,0.8295915915611867,0.025750328435860163,0.026027336865216657,0.14279418245923314,0.6303501945525292,0.23284225655767157,26086,3890,380,648,2296200.0,14636.821055347697
0.3689589320787886,0.8295915915611867,0.025750328435860163,0.02592354349337323,0.14115351257588898,0.6332684824902723,0.23085106382978723,26015,3961,377,651,2296380.0,14875.499935492195
0.3689589320787886,0.8295915915611867,0.025750328435860163,0.02642908114207394,0.14851024208566108,0.6206225680933852,0.2396694214876033,26318,3658,390,638,2296440.0,13856.276609469745
0.3689589320787886,0.8295915915611867,0.025750328435860163,0.026287926639643907,0.14668192219679635,0.6235408560311284,0.23749536865505744,26247,3729,387,641,2296620.0,14094.955489614244
0.3689589320787886,0.8295915915611867,0.025750328435860163,0.026579600271275913,0.1508446347846776,0.6167315175097277,0.24240107054100554,26407,3569,394,634,2297220.0,13556.315314153011
0.3689589320787886,0.8295915915611867,0.025750328435860163,0.02594764040763318,0.14148889856334348,0.632295719844358,0.2312344361437211,26032,3944,378,650,2297520.0,14817.442910592183
0.3689589320787886,0.8295915915611867,0.025750328435860163,0.025127243566385838,0.1280890398038106,0.6605058365758755,0.21456786222152,25354,4622,349,679,2297760.0,17097.793833053798
0.3689589320787886,0.8295915915611867,0.025750328435860163,0.027022706598552947,0.1580416032470827,0.6060311284046692,0.2507042253521127,26657,3319,405,623,2298420.0,12714.488453102826
0.3689589320787886,0.8295915915611867,0.025750328435860163,0.02649825237581734,0.1493308288330594,0.6186770428015564,0.24059012672593152,26353,3623,392,636,2298540.0,13736.937169397497
0.3689589320787886,0.8295915915611867,0.025750328435860163,0.025143882492231574,0.12836046951912156,0.6595330739299611,0.2148969889064976,25372,4604,350,678,2298720.0,17036.511417881564
0.3689589320787886,0.8295915915611867,0.025750328435860163,0.02737790139532744,0.16317880794701986,0.5992217898832685,0.25650635019779305,26817,3159,412,616,2299020.0,12175.848277641595
0.3689589320787886,0.8295915915611867,0.025750328435860163,0.025998313531535748,0.14223002633889376,0.6303501945525292,0.23209169054441262,26068,3908,380,648,2299440.0,14694.878080247712
0.3689589320787886,0.8295915915611867,0.025750328435860163,0.027060414058462132,0.15851172273190622,0.6050583657587548,0.25121163166397414,26674,3302,406,622,2299560.0,12656.431428202814
0.3689589320787886,0.8295915915611867,0.025750328435860163,0.02638856899754243,0.14789058878071396,0.6206225680933852,0.23886184949457132,26300,3676,390,638,2299680.0,13914.333634369757
0.3689589320787886,0.8295915915611867,0.025750328435860163,0.02725914883481079,0.16131558339859045,0.6011673151750972,0.25437332784523564,26763,3213,410,618,2300340.0,12356.47013288608
0.3689589320787886,0.8295915915611867,0.025750328435860163,0.02510360461065218,0.12765557435608196,0.6605058365758755,0.21395935087442886,25336,4640,349,679,2301000.0,17155.85085795381
0.3689589320787886,0.8295915915611867,0.025750328435860163,0.026461805126488804,0.14870236146831892,0.6186770428015564,0.23977379830348727,26335,3641,392,636,2301780.0,13794.994194297511
0.3689589320787886,0.8295915915611867,0.025750328435860163,0.02632447540604426,0.14682904411764705,0.6215953307392996,0.237546468401487,26263,3713,389,639,2302140.0,14036.898464714232
0.3689589320787886,0.8295915915611867,0.025750328435860163,0.02733834522332254,0.16240442921170578,0.5992217898832685,0.25554864136071354,26799,3177,412,616,2302260.0,12233.905302541607
0.3689589320787886,0.8295915915611867,0.025750328435860163,0.027183143194289917,0.16003102378490175,0.6021400778210116,0.252859477124183,26727,3249,409,619,2302620.0,12475.809572958327
0.3689589320787886,0.8295915915611867,0.025750328435860163,0.027542420376809217,0.1654054054054054,0.5953307392996109,0.25888324873096447,26888,3088,416,612,2303040.0,11933.944007224874
0.3689589320787886,0.8295915915611867,0.025750328435860163,0.026359065351337054,0.14724209554581122,0.6206225680933852,0.23801529565379592,26281,3695,390,638,2303100.0,13975.616049541995
0.3689589320787886,0.8295915915611867,0.025750328435860163,0.02506191365144202,0.12693671831248834,0.6614785992217899,0.21299921691464369,25299,4677,348,680,2303460.0,17278.415688298286
0.3689589320787886,0.8295915915611867,0.025750328435860163,0.027214803508284643,0.16056118472330475,0.6011673151750972,0.2534344884150092,26745,3231,410,618,2303580.0,12414.527157786093
0.3689589320787886,0.8295915915611867,0.025750328435860163,0.027585827628056527,0.16594242259641498,0.5943579766536965,0.259447983014862,26905,3071,417,611,2304180.0,11875.88698232486
0.3689589320787886,0.8295915915611867,0.025750328435860163,0.025082583427536862,0.12720119895091794,0.6605058365758755,0.21332076657241597,25317,4659,349,679,2304420.0,17217.133273126048
0.3689589320787886,0.8295915915611867,0.025750328435860163,0.02709811979811716,0.1587708066581306,0.603112840466926,0.251368335698358,26691,3285,408,620,2304900.0,12595.149013030577
0.3689589320787886,0.8295915915611867,0.025750328435860163,0.027461459694571567,0.16399143927233814,0.5963035019455253,0.25723877465379774,26851,3125,415,613,2305500.0,12056.508837569347
0.3689589320787886,0.8295915915611867,0.025750328435860163,0.027294147050459745,0.161594963273872,0.5992217898832685,0.2545454545454545,26780,3196,412,616,2305680.0,12295.187717713843
0.3689589320787886,0.8295915915611867,0.025750328435860163,0.02502580138651981,0.12625139043381536,0.6624513618677043,0.21208346309560885,25263,4713,347,681,2305740.0,17397.755128370532
0.3689589320787886,0.8295915915611867,0.025750328435860163,0.02714635571609543,0.1592897581060216,0.6021400778210116,0.25193325193325194,26709,3267,409,619,2305860.0,12533.86659785834
0.3689589320787886,0.8295915915611867,0.025750328435860163,0.027654740505643635,0.16707818930041152,0.5924124513618677,0.2606462657821528,26940,3036,419,609,2306280.0,11756.547542252612
0.3689589320787886,0.8295915915611867,0.025750328435860163,0.027514082476442936,0.16456036568970153,0.5953307392996109,0.25784706130187485,26869,3107,416,612,2306460.0,11995.226422397109
0.3689589320787886,0.8295915915611867,0.025750328435860163,0.025042870370829622,0.12651162790697673,0.6614785992217899,0.21240043729501795,25281,4695,348,680,2306700.0,17336.472713198298
0.3689589320787886,0.8295915915611867,0.025750328435860163,0.025000486742860283,0.12583148558758314,0.6624513618677043,0.21149068322981365,25245,4731,347,681,2308980.0,17455.812153270545
0.3689589320787886,0.8295915915611867,0.025750328435860163,0.027617266294187082,0.16625716625716624,0.5924124513618677,0.2596461308889363,26922,3054,419,609,2309520.0,11814.604567152626
0.3689589320787886,0.8295915915611867,0.025750328435860163,0.024773809576513713,0.12266334342175539,0.6702334630350194,0.2073739653875094,25048,4928,339,689,2310840.0,18117.017159076247
0.3689589320787886,0.8295915915611867,0.025750328435860163,0.027712022459634344,0.16740209597352454,0.5904669260700389,0.26085088096261283,26957,3019,421,607,2311620.0,11695.265127080378
0.3689589320787886,0.8295915915611867,0.025750328435860163,0.02498300778761709,0.12539127232553857,0.6624513618677043,0.21086855550394798,25226,4750,347,681,2312400.0,17517.094568442782
0.3689589320787886,0.8295915915611867,0.025750328435860163,0.02474819815819843,0.12203749557835161,0.6712062256809338,0.2065249925172104,25012,4964,338,690,2313120.0,18236.356599148497
0.3689589320787886,0.8295915915611867,0.025750328435860163,0.024761989127583775,0.12224982256919802,0.6702334630350194,0.2067827130852341,25029,4947,339,689,2314260.0,18178.299574248485
0.3689589320787886,0.8295915915611867,0.025750328435860163,0.024939782029681997,0.12472567666422824,0.6634241245136187,0.20997536945812809,25190,4786,346,682,2314680.0,17636.434008515032
0.3689589320787886,0.8295915915611867,0.025750328435860163,0.024172595989943188,0.11337760910815939,0.6974708171206225,0.19504896626768226,24369,5607,311,717,2315460.0,20397.36808153787
0.3689589320787886,0.8295915915611867,0.025750328435860163,0.024965938133461277,0.12495412844036698,0.6624513618677043,0.21025007718431615,25207,4769,347,681,2315820.0,17578.376983615017
0.3689589320787886,0.8295915915611867,0.025750328435860163,0.02487164833142398,0.12382331643736423,0.6653696498054474,0.2087912087912088,25136,4840,344,684,2316000.0,17817.055863759517
0.3689589320787886,0.8295915915611867,0.025750328435860163,0.02473973275112521,0.12162876784769963,0.6712062256809338,0.20593941202805552,24993,4983,338,690,2316540.0,18297.63901432073
0.3689589320787886,0.8295915915611867,0.025750328435860163,0.024184285568100008,0.11354265778623533,0.6964980544747081,0.19525497682028906,24386,5590,312,716,2316600.0,20339.311056637853
0.3689589320787886,0.8295915915611867,0.025750328435860163,0.024664189082101946,0.12058465286236297,0.6741245136186771,0.20457564575645756,24922,5054,335,693,2316720.0,18536.317894465228
0.3689589320787886,0.8295915915611867,0.025750328435860163,0.02489918380912486,0.12406902815622162,0.664396887159533,0.20909230062758305,25154,4822,345,683,2316960.0,17755.77344858728
0.3689589320787886,0.8295915915611867,0.025750328435860163,0.02480839805741528,0.12293906810035843,0.6673151750972762,0.2076271186440678,25082,4894,342,686,2317320.0,17997.677719003997
0.3689589320787886,0.8295915915611867,0.025750328435860163,0.024151629976161763,0.1128753340669706,0.6984435797665369,0.1943429422113953,24333,5643,310,718,2317740.0,20516.707521610115
0.3689589320787886,0.8295915915611867,0.025750328435860163,0.024682980390136236,0.12078896840635364,0.6731517509727627,0.20482462631345272,24939,5037,336,692,2317860.0,18478.260869565216
0.3689589320787886,0.8295915915611867,0.025750328435860163,0.024923673432459627,0.12429378531073447,0.6634241245136187,0.2093630084420568,25171,4805,346,682,2318100.0,17697.716423687267
0.3689589320787886,0.8295915915611867,0.025750328435860163,0.02822609881911848,0.17451037708272435,0.580739299610895,0.2683749157113958,27152,2824,431,597,2318520.0,11034.060121274675
0.3689589320787886,0.8295915915611867,0.025750328435860163,0.024700508480942327,0.12101576182136603,0.6721789883268483,0.20510537251409913,24957,5019,337,691,2318820.0,18416.97845439298
0.3689589320787886,0.8295915915611867,0.025750328435860163,0.024162727661662137,0.11303799463976037,0.6974708171206225,0.19454619454619454,24350,5626,311,717,2318880.0,20458.650496710103
0.3689589320787886,0.8295915915611867,0.025750328435860163,0.024629422592781596,0.11998616874135547,0.6750972762645915,0.20375807398708162,24886,5090,334,694,2319000.0,18655.657334537478
0.3689589320787886,0.8295915915611867,0.025750328435860163,0.02411168894154536,0.11220196353436185,0.7003891050583657,0.19341840161182,24279,5697,308,720,2319060.0,20697.3293768546
0.3689589320787886,0.8295915915611867,0.025750328435860163,0.02484734893269746,0.123398881472127,0.6653696498054474,0.20818749048851012,25117,4859,344,684,2319420.0,17878.33827893175
0.3689589320787886,0.8295915915611867,0.025750328435860163,0.024002315129959696,0.11056960097471824,0.7062256809338522,0.1912035817750856,24136,5840,302,726,2319600.0,21177.912527415818
0.3689589320787886,0.8295915915611867,0.025750328435860163,0.028293105885959534,0.17513958272112842,0.5797665369649806,0.2690137666440984,27169,2807,432,596,2319660.0,10976.003096374661
0.3689589320787886,0.8295915915611867,0.025750328435860163,0.024725281540760424,0.12124406958355298,0.6712062256809338,0.20538770650394403,24975,5001,338,690,2319780.0,18355.696039220744
0.3689589320787886,0.8295915915611867,0.025750328435860163,0.024649241168757916,0.12018730489073881,0.6741245136186771,0.2040035325287018,24903,5073,335,693,2320140.0,18597.600309637466
0.3689589320787886,0.8295915915611867,0.025750328435860163,0.024122776708761687,0.11236130645413346,0.6994163424124513,0.19361788070553387,24296,5680,309,719,2320200.0,20639.272351954587
0.3689589320787886,0.8295915915611867,0.025750328435860163,0.02406780868929399,0.11154024409083887,0.7023346303501945,0.19250766564458072,24225,5751,306,722,2320380.0,20877.951232099083
0.3689589320787886,0.8295915915611867,0.025750328435860163,0.028582667965455145,0.17885196374622356,0.5758754863813229,0.2729368372521899,27258,2718,436,592,2320440.0,10676.041801057929
0.3689589320787886,0.8295915915611867,0.025750328435860163,0.024022051060885917,0.11073774247747059,0.7052529182879378,0.19141914191419143,24154,5822,303,725,2320560.0,21116.63011224358
0.3689589320787886,0.8295915915611867,0.025750328435860163,0.024786113412475254,0.12254376563058235,0.6673151750972762,0.20706308481738606,25064,4912,342,686,2320560.0,18055.734743904013
0.3689589320787886,0.8295915915611867,0.025750328435860163,0.02836406112687704,0.1758274231678487,0.5787937743190662,0.2697189483227561,27187,2789,433,595,2320620.0,10914.720681202425
0.3689589320787886,0.8295915915611867,0.025750328435860163,0.024135307173653166,0.11253918495297806,0.6984435797665369,0.19384449244060475,24314,5662,310,718,2321160.0,20577.989936782353
0.3689589320787886,0.8295915915611867,0.025750328435860163,0.024083874889109475,0.11171366594360087,0.7013618677042801,0.19272921678695537,24243,5733,307,721,2321340.0,20816.66881692685
0.3689589320787886,0.8295915915611867,0.025750328435860163,0.027757946609290214,0.16745217632381482,0.5875486381322957,0.2606256742179072,26973,3003,424,604,2321340.0,11633.98271190814
0.3689589320787886,0.8295915915611867,0.025750328435860163,0.02459520353872811,0.11937478529714875,0.6760700389105059,0.2029197080291971,24849,5127,333,695,2321460.0,18778.22216488195
0.3689589320787886,0.8295915915611867,0.025750328435860163,0.028411967913999844,0.17652303120356613,0.5778210116731517,0.2704302299112224,27205,2771,434,594,2321580.0,10853.438266030189
0.3689589320787886,0.8295915915611867,0.025750328435860163,0.023982054400450568,0.11010146902922914,0.7071984435797666,0.1905385925828856,24100,5876,301,727,2321880.0,21297.251967488064
0.3689589320787886,0.8295915915611867,0.025750328435860163,0.02420463362881284,0.11356767933831716,0.6945525291828794,0.19521531100478468,24403,5573,314,714,2321940.0,20278.02864146562
0.3689589320787886,0.8295915915611867,0.025750328435860163,0.028184562569661693,0.17354651162790696,0.580739299610895,0.26723366159355416,27133,2843,431,597,2321940.0,11095.34253644691
0.3689589320787886,0.8295915915611867,0.025750328435860163,0.023925053399094502,0.10931416591793951,0.7101167315175098,0.18946275629379705,24028,5948,298,730,2322240.0,21539.156237904786
0.3689589320787886,0.8295915915611867,0.025750328435860163,0.02461667896361568,0.11959331380320525,0.6750972762645915,0.20319133362611624,24867,5109,334,694,2322420.0,18716.939749709716
0.3689589320787886,0.8295915915611867,0.025750328435860163,0.02409523573151173,0.11187072715972654,0.7003891050583657,0.19292604501607716,24260,5716,308,720,2322480.0,20758.611792026833
0.3689589320787886,0.8295915915611867,0.025750328435860163,0.027806300371154894,0.16801337419894122,0.5865758754863813,0.26120857699805067,26990,2986,425,603,2322480.0,11575.925687008128
0.3689589320787886,0.8295915915611867,0.025750328435860163,0.024829341908490846,0.1229994605286819,0.6653696498054474,0.20761875853695552,25099,4877,344,684,2322660.0,17936.395303831763
0.3689589320787886,0.8295915915611867,0.025750328435860163,0.02845923637618265,0.17717358828801913,0.5768482490272373,0.27108571428571426,27222,2754,435,593,2322720.0,10795.381241130177
0.3689589320787886,0.8295915915611867,0.025750328435860163,0.023994085065144617,0.110250569476082,0.7062256809338522,0.19072638907132536,24117,5859,302,726,2323020.0,21239.194942588052
0.3689589320787886,0.8295915915611867,0.025750328435860163,0.028521120811294133,0.1778846153846154,0.5758754863813229,0.27180899908172634,27240,2736,436,592,2323680.0,10734.09882595794
0.3689589320787886,0.8295915915611867,0.025750328435860163,0.024563477872781368,0.11879160266257041,0.6770428015564203,0.20211993611151444,24813,5163,332,696,2323740.0,18897.5616049542
0.3689589320787886,0.8295915915611867,0.025750328435860163,0.024054512485925,0.11121380160197165,0.7023346303501945,0.1920212765957447,24206,5770,306,722,2323800.0,20939.233647271318
0.3689589320787886,0.8295915915611867,0.025750328435860163,0.028092097594786185,0.1719873454127121,0.5817120622568094,0.26548279689234183,27097,2879,430,598,2324220.0,11214.68197651916
0.3689589320787886,0.8295915915611867,0.025750328435860163,0.02791820695636507,0.16920045045045046,0.5846303501945526,0.26244541484716155,27025,2951,427,601,2324580.0,11456.58624693588
0.3689589320787886,0.8295915915611867,0.025750328435860163,0.024580478846528257,0.1190068493150685,0.6760700389105059,0.20238788584740827,24831,5145,333,695,2324700.0,18836.279189781962
0.3689589320787886,0.8295915915611867,0.025750328435860163,0.028134369769747303,0.17264314632735686,0.580739299610895,0.2661613909942042,27115,2861,431,597,2325180.0,11153.399561346923
0.3689589320787886,0.8295915915611867,0.025750328435860163,0.023969749130759267,0.10978556327393536,0.7071984435797666,0.1900653594771242,24081,5895,301,727,2325300.0,21358.534382660302
0.3689589320787886,0.8295915915611867,0.025750328435860163,0.02391636146907612,0.10902031063321387,0.7101167315175098,0.1890212325220093,24010,5966,298,730,2325480.0,21597.2132628048
0.3689589320787886,0.8295915915611867,0.025750328435860163,0.027958901614901097,0.16982734220209453,0.5836575875486382,0.263100197325148,27043,2933,428,600,2325540.0,11395.303831763644
0.3689589320787886,0.8295915915611867,0.025750328435860163,0.028799352784899913,0.18246813801678582,0.5710116731517509,0.27656065959952886,27346,2630,441,587,2325600.0,10376.080505741194
0.3689589320787886,0.8295915915611867,0.025750328435860163,0.02862914991906881,0.1792768155575813,0.5739299610894941,0.27321139152581614,27275,2701,438,590,2325780.0,10614.759385885693
0.3689589320787886,0.8295915915611867,0.025750328435860163,0.024034143185016447,0.11073671312605299,0.703307392996109,0.19134577213179832,24170,5806,305,723,2326080.0,21058.573087343568
0.3689589320787886,0.8295915915611867,0.025750328435860163,0.028000504095968846,0.17046101309049516,0.5826848249027238,0.2637604579480405,27061,2915,429,599,2326500.0,11334.021416591408
0.3689589320787886,0.8295915915611867,0.025750328435860163,0.024043662371102916,0.1109062980030722,0.7023346303501945,0.19156274873971876,24188,5788,306,722,2327040.0,20997.29067217133
0.3689589320787886,0.8295915915611867,0.025750328435860163,0.024549199867864954,0.11840762164001362,0.6770428015564203,0.20156385751520417,24794,5182,332,696,2327160.0,18958.844020126435
0.3689589320787886,0.8295915915611867,0.025750328435860163,0.02393509134934815,0.10932572458327076,0.708171206225681,0.1894106933784311,24045,5931,300,728,2327580.0,21477.873822732552
0.3689589320787886,0.8295915915611867,0.025750328435860163,0.02803104004849611,0.17105263157894737,0.5817120622568094,0.26436781609195403,27078,2898,430,598,2327640.0,11275.964391691394
0.3689589320787886,0.8295915915611867,0.025750328435860163,0.02785029533015361,0.16834733893557424,0.5846303501945526,0.2614180078294911,27007,2969,427,601,2327820.0,11514.643271835892
0.3689589320787886,0.8295915915611867,0.025750328435860163,0.02423895731562221,0.11376,0.6916342412451362,0.1953833470733718,24437,5539,317,711,2328420.0,20158.68920139337
0.3689589320787886,0.8295915915611867,0.025750328435860163,0.023954308144769943,0.10948795180722891,0.7071984435797666,0.1896191966614502,24063,5913,301,727,2328540.0,21416.591407560314
0.3689589320787886,0.8295915915611867,0.025750328435860163,0.028769726217246237,0.18145285935085007,0.5710116731517509,0.2753929157870045,27328,2648,441,587,2328840.0,10434.137530641208
0.3689589320787886,0.8295915915611867,0.025750328435860163,0.02390127902538291,0.10871183916604617,0.7101167315175098,0.18855740668991347,23991,5985,298,730,2328900.0,21658.495677977036
0.3689589320787886,0.8295915915611867,0.025750328435860163,0.02430384402097998,0.11482865031671269,0.6877431906614786,0.19679888656924147,24526,5450,321,707,2329200.0,19858.727906076634
0.3689589320787886,0.8295915915611867,0.025750328435860163,0.024256703024496125,0.11394639704702295,0.6906614785992218,0.19561923129907702,24455,5521,318,710,2329380.0,20097.406786221134
0.3689589320787886,0.8295915915611867,0.025750328435860163,0.024379888316341414,0.11593007915567283,0.683852140077821,0.1982515510434292,24615,5361,325,703,2329980.0,19558.7666107599
0.3689589320787886,0.8295915915611867,0.025750328435860163,0.024321033951675106,0.11502117953730857,0.6867704280155642,0.19704158526374546,24544,5432,322,706,2330160.0,19797.4454909044
0.3689589320787886,0.8295915915611867,0.025750328435860163,0.024271818406383223,0.11413393432066968,0.6896887159533074,0.19585635359116021,24473,5503,319,709,2330340.0,20036.124371048896
0.3689589320787886,0.8295915915611867,0.025750328435860163,0.024533595788843215,0.11804613297150611,0.6770428015564203,0.20103986135181975,24776,5200,332,696,2330400.0,19016.90104502645
0.3689589320787886,0.8295915915611867,0.025750328435860163,0.024460679510517058,0.11706581812091776,0.6799610894941635,0.1997428204029147,24704,5272,329,699,2330760.0,19258.80531544317
0.3689589320787886,0.8295915915611867,0.025750328435860163,0.024392005859871557,0.11612903225806452,0.6828793774319066,0.19850134313586879,24633,5343,326,702,2330940.0,19497.484195587665
0.3689589320787886,0.8295915915611867,0.025750328435860163,0.028860283326473474,0.18292682926829268,0.5690661478599222,0.2768575485092286,27363,2613,443,585,2330940.0,10314.79809056896
0.3689589320787886,0.8295915915611867,0.025750328435860163,0.024339903631968442,0.11521490439614317,0.6857976653696498,0.19728557436686722,24562,5414,323,705,2331120.0,19736.16307573216
0.3689589320787886,0.8295915915611867,0.025750328435860163,0.02867283159051334,0.17970660146699266,0.5719844357976653,0.27348837209302324,27292,2684,440,588,2331120.0,10553.476970713456
0.3689589320787886,0.8295915915611867,0.025750328435860163,0.024221982018627936,0.11343331206126356,0.6916342412451362,0.19490131578947367,24419,5557,317,711,2331660.0,20216.74622629338
0.3689589320787886,0.8295915915611867,0.025750328435860163,0.024480268364090268,0.11727150537634409,0.6789883268482491,0.2,24722,5254,330,698,2331720.0,19197.522900270935
0.3689589320787886,0.8295915915611867,0.025750328435860163,0.02441259585101773,0.11632923996017258,0.6819066147859922,0.19875248086192232,24651,5325,327,701,2331900.0,19436.20178041543
0.3689589320787886,0.8295915915611867,0.025750328435860163,0.028918575038442737,0.18370556778861277,0.5680933852140078,0.2776325172331828,27381,2595,444,584,2331900.0,10253.515675396722
0.3689589320787886,0.8295915915611867,0.025750328435860163,0.023886713647432334,0.10842120897074113,0.7101167315175098,0.18812008761757507,23973,6003,298,730,2332140.0,21716.55270287705
0.3689589320787886,0.8295915915611867,0.025750328435860163,0.028723006429894053,0.18039336201598033,0.5710116731517509,0.2741709481550677,27309,2667,441,587,2332260.0,10495.419945813443
0.3689589320787886,0.8295915915611867,0.025750328435860163,0.02429367870369525,0.11449392712550607,0.6877431906614786,0.19630709426627793,24508,5468,321,707,2332440.0,19916.784930976646
0.3689589320787886,0.8295915915611867,0.025750328435860163,0.024369552008883688,0.11558697796777376,0.683852140077821,0.19774964838255976,24597,5379,325,703,2333220.0,19616.82363565991
0.3689589320787886,0.8295915915611867,0.025750328435860163,0.024517425804342633,0.11766694843617921,0.6770428015564203,0.20048970185798645,24757,5219,332,696,2333820.0,19078.183460198685
0.3689589320787886,0.8295915915611867,0.025750328435860163,0.024442422582681915,0.11671397562197362,0.6799610894941635,0.19923044035912782,24686,5290,329,699,2334000.0,19316.86234034318
0.3689589320787886,0.8295915915611867,0.025750328435860163,0.029106711337853825,0.18597951344430216,0.5651750972762646,0.2798651252408478,27433,2543,447,581,2335140.0,10076.119210424462
0.3689589320787886,0.8295915915611867,0.025750328435860163,0.02387434776968484,0.10811611374407583,0.7101167315175098,0.18766066838046272,23954,6022,298,730,2335560.0,21777.835118049286
0.3689589320787886,0.8295915915611867,0.025750328435860163,0.02428437331323865,0.11414271876009041,0.6877431906614786,0.19579063971199115,24489,5487,321,707,2335860.0,19978.067346148884
0.3689589320787886,0.8295915915611867,0.025750328435860163,0.02435946152953089,0.11522701196525159,0.683852140077821,0.19722261186702203,24578,5398,325,703,2336640.0,19678.10605083215
0.3689589320787886,0.8295915915611867,0.025750328435860163,0.024502004588134986,0.11730996123377718,0.6770428015564203,0.19997126849590577,24739,5237,332,696,2337060.0,19136.240485098697
0.3689589320787886,0.8295915915611867,0.025750328435860163,0.02442704925729738,0.11634487350199733,0.6799610894941635,0.19869243888573052,24667,5309,329,699,2337420.0,19378.144755515415
0.3689589320787886,0.8295915915611867,0.025750328435860163,0.023848744793597346,0.10767417881867727,0.7110894941634242,0.18702827171549188,23918,6058,297,731,2337840.0,21897.174558121533
0.3689589320787886,0.8295915915611867,0.025750328435860163,0.02903479052311665,0.18491406747294717,0.5651750972762646,0.27865707434052756,27415,2561,447,581,2338380.0,10134.176235324474
0.3689589320787886,0.8295915915611867,0.025750328435860163,0.023863768832213972,0.10781273076355044,0.7101167315175098,0.1872034876266188,23935,6041,298,730,2338980.0,21839.11753322152
0.3689589320787886,0.8295915915611867,0.025750328435860163,0.02383556092240857,0.10737367802585195,0.7110894941634242,0.18657478305257785,23899,6077,297,731,2341260.0,21958.45697329377
0.3689589320787886,0.8295915915611867,0.025750328435860163,0.028979339032027467,0.18380259411578614,0.5651750972762646,0.2773931725948914,27396,2580,447,581,2341800.0,10195.45865049671
0.3689589320787886,0.8295915915611867,0.025750328435860163,0.02382587258100987,0.10707484986084664,0.7110894941634242,0.1861234882240611,23880,6096,297,731,2344680.0,22019.739388466
0.3689589320787886,0.8295915915611867,0.025750328435860163,0.029172971139971166,0.1861513687600644,0.5622568093385214,0.27969997580450034,27449,2527,450,578,2344860.0,10014.836795252226
0.3689589320787886,0.8295915915611867,0.025750328435860163,0.023814327544766596,0.10679327976625273,0.7110894941634242,0.18569795503619968,23862,6114,297,731,2347920.0,22077.796413366017
0.3689589320787886,0.8295915915611867,0.025750328435860163,0.023764677444395598,0.1062164903637154,0.7130350194552529,0.18489090679783074,23808,6168,295,733,2349240.0,22258.4182686105
0.3689589320787886,0.8295915915611867,0.025750328435860163,0.029250109973549345,0.18664938431626701,0.5603112840466926,0.2800194457948469,27466,2510,452,576,2350200.0,9953.55438007999
0.3689589320787886,0.8295915915611867,0.025750328435860163,0.02380031521950853,0.10649766899766899,0.7110894941634242,0.18525088697415104,23843,6133,297,731,2351340.0,22139.07882853825
0.3689589320787886,0.8295915915611867,0.025750328435860163,0.029329316256479585,0.18741851368970014,0.5593385214007782,0.28076171875,27483,2493,453,575,2351340.0,9895.497355179978
0.3689589320787886,0.8295915915611867,0.025750328435860163,0.023756577113364492,0.10592485549132948,0.7130350194552529,0.1844489179667841,23789,6187,295,733,2352660.0,22319.700683782736
0.3689589320787886,0.8295915915611867,0.025750328435860163,0.02366354931699038,0.1045557441992077,0.7188715953307393,0.1825592885375494,23647,6329,289,739,2353020.0,22797.058444071732
0.3689589320787886,0.8295915915611867,0.025750328435860163,0.0237800339330429,0.1062191223481546,0.7110894941634242,0.18482932996207332,23825,6151,297,731,2354580.0,22197.135853438267
0.3689589320787886,0.8295915915611867,0.025750328435860163,0.023634358296538212,0.10413734871939206,0.7198443579766537,0.18195229899188592,23610,6366,288,740,2355480.0,22919.623274416204
0.3689589320787886,0.8295915915611867,0.025750328435860163,0.02374379847114094,0.10565004324012683,0.7130350194552529,0.184032136580467,23771,6205,295,733,2355900.0,22377.757708682748
0.3689589320787886,0.8295915915611867,0.025750328435860163,0.02369716712792439,0.10494795380008555,0.7159533073929961,0.18306180823280688,23699,6277,292,736,2356260.0,22619.66197909947
0.3689589320787886,0.8295915915611867,0.025750328435860163,0.023650322143636864,0.1042754338930436,0.7188715953307393,0.18213185459026493,23628,6348,289,739,2356440.0,22858.34085924397
0.3689589320787886,0.8295915915611867,0.025750328435860163,0.029393978718928453,0.18793046900623156,0.5573929961089494,0.28108903605592345,27500,2476,455,573,2356680.0,9834.21494000774
0.3689589320787886,0.8295915915611867,0.025750328435860163,0.023706386544556448,0.10509007720903632,0.7149805447470817,0.18324607329842932,23717,6259,293,735,2357220.0,22558.379563927236
0.3689589320787886,0.8295915915611867,0.025750328435860163,0.023608065367515373,0.10373792524149517,0.7208171206225681,0.18137314894137804,23574,6402,287,741,2357760.0,23038.962714488454
0.3689589320787886,0.8295915915611867,0.025750328435860163,0.02371623795892818,0.10523297491039427,0.7140077821011673,0.18343121329501436,23735,6241,294,734,2358180.0,22497.097148754998
0.3689589320787886,0.8295915915611867,0.025750328435860163,0.02367408311887153,0.10453900709219859,0.7169260700389105,0.18247090864075266,23663,6313,291,737,2358540.0,22739.00141917172
0.3689589320787886,0.8295915915611867,0.025750328435860163,0.02362014749411723,0.10387422796181921,0.7198443579766537,0.1815505397448479,23592,6384,288,740,2358720.0,22977.680299316216
0.3689589320787886,0.8295915915611867,0.025750328435860163,0.023729720988112494,0.10536150639643524,0.7130350194552529,0.18359423919849718,23752,6224,295,733,2359320.0,22439.040123854986
0.3689589320787886,0.8295915915611867,0.025750328435860163,0.023686212648143017,0.1046792774854217,0.7159533073929961,0.18265293460727136,23681,6295,292,736,2359500.0,22677.719003999482
0.3689589320787886,0.8295915915611867,0.025750328435860163,0.0235982722142088,0.10347716799329702,0.7208171206225681,0.18097447795823665,23556,6420,287,741,2361000.0,23097.019739388466
0.3689589320787886,0.8295915915611867,0.025750328435860163,0.029493232464383432,0.18844884488448846,0.5554474708171206,0.2814194184327255,27517,2459,457,571,2362020.0,9772.932524835505
0.3689589320787886,0.8295915915611867,0.025750328435860163,0.02955279404522006,0.1892430278884462,0.5544747081712063,0.28217821782178215,27534,2442,458,570,2363160.0,9714.875499935491
0.3689589320787886,0.8295915915611867,0.025750328435860163,0.023587032085233287,0.1032033426183844,0.7208171206225681,0.18055555555555555,23537,6439,287,741,2364420.0,23158.302154560704
0.3689589320787886,0.8295915915611867,0.025750328435860163,0.02357477647027309,0.10293096263369912,0.7208171206225681,0.18013856812933027,23518,6458,287,741,2367840.0,23219.58456973294
0.3689589320787886,0.8295915915611867,0.025750328435860163,0.029617710916242962,0.18977614433678583,0.5525291828793775,0.28251678686893805,27551,2425,460,568,2368500.0,9653.593084763257
0.3689589320787886,0.8295915915611867,0.025750328435860163,0.023549756393320163,0.1025428413488115,0.7217898832684825,0.17957405614714425,23482,6494,286,742,2370120.0,23338.92400980519
0.3689589320787886,0.8295915915611867,0.025750328435860163,0.02356142238504445,0.10267424137453235,0.7208171206225681,0.17974530018192844,23500,6476,287,741,2371080.0,23277.64159463295
0.3689589320787886,0.8295915915611867,0.025750328435860163,0.023523144658214243,0.102029621503017,0.7237354085603113,0.17884615384615385,23428,6548,284,744,2371440.0,23519.54586504967
0.3689589320787886,0.8295915915611867,0.025750328435860163,0.023531920365815234,0.10215866904991062,0.7227626459143969,0.1790145765570413,23446,6530,285,743,2372400.0,23458.263449877435
0.3689589320787886,0.8295915915611867,0.025750328435860163,0.02354029716981019,0.10227429359062716,0.7217898832684825,0.17916213932150188,23463,6513,286,742,2373540.0,23400.20642497742
0.3689589320787886,0.8295915915611867,0.025750328435860163,0.02967876365771368,0.19025210084033614,0.5505836575875487,0.28278790906819884,27567,2409,462,566,2374020.0,9595.536059863243
0.3689589320787886,0.8295915915611867,0.025750328435860163,0.023511800827534644,0.10177838577291382,0.7237354085603113,0.17846006236507556,23410,6566,284,744,2374680.0,23577.602889949685
0.3689589320787886,0.8295915915611867,0.025750328435860163,0.02974893674681175,0.19113667117726657,0.5496108949416343,0.2836345381526104,27585,2391,463,565,2374980.0,9534.253644691007
0.3689589320787886,0.8295915915611867,0.025750328435860163,0.0298221138443952,0.1920326864147089,0.5486381322957199,0.2844892812105927,27603,2373,464,564,2375940.0,9472.971229518771
0.3689589320787886,0.8295915915611867,0.025750328435860163,0.02348802539025656,0.10138813282525858,0.7247081712062257,0.17788920725883475,23373,6603,283,745,2377140.0,23700.167720294154
0.3689589320787886,0.8295915915611867,0.025750328435860163,0.023497268074415385,0.10151453131395825,0.7237354085603113,0.17805432571496949,23391,6585,284,744,2378100.0,23638.88530512192
0.3689589320787886,0.8295915915611867,0.025750328435860163,0.030128278338194918,0.19559902200489,0.5447470817120622,0.2878437419686456,27673,2303,468,560,2380140.0,9234.292349374275
0.3689589320787886,0.8295915915611867,0.025750328435860163,0.02347154183161158,0.1011403746945425,0.7247081712062257,0.17750774362639982,23355,6621,283,745,2380380.0,23758.224745194166
0.3689589320787886,0.8295915915611867,0.025750328435860163,0.029885413541692413,0.19253168893456662,0.546692607003891,0.2847732455029136,27619,2357,466,562,2381460.0,9414.914204618759
0.3689589320787886,0.8295915915611867,0.025750328435860163,0.030268101584151885,0.19745222929936307,0.5428015564202334,0.2895692786715101,27708,2268,470,558,2382240.0,9114.952909302025
0.3689589320787886,0.8295915915611867,0.025750328435860163,0.029945343809208786,0.19344827586206897,0.5457198443579766,0.28564154786150714,27637,2339,467,561,2382420.0,9353.631789446523
0.3689589320787886,0.8295915915611867,0.025750328435860163,0.03034350589940246,0.19843249020306378,0.541828793774319,0.29048239895697525,27726,2250,471,557,2383200.0,9053.67049412979
0.3689589320787886,0.8295915915611867,0.025750328435860163,0.03003442387474043,0.19430950728660654,0.5447470817120622,0.2864450127877238,27654,2322,468,560,2383560.0,9295.57476454651
0.3689589320787886,0.8295915915611867,0.025750328435860163,0.02345796699715701,0.1008801624915369,0.7247081712062257,0.17710685843337692,23336,6640,283,745,2383800.0,23819.507160366404
0.3689589320787886,0.8295915915611867,0.025750328435860163,0.03051599424631135,0.2003610108303249,0.5398832684824902,0.292259083728278,27761,2215,473,555,2385300.0,8934.331054057542
0.3689589320787886,0.8295915915611867,0.025750328435860163,0.03020790145881716,0.1962025316455696,0.5428015564202334,0.2882231404958678,27690,2286,470,558,2385480.0,9173.009934202038
0.3689589320787886,0.8295915915611867,0.025750328435860163,0.023447596844377944,0.1006348777522626,0.7247081712062257,0.17672873917684734,23318,6658,283,745,2387040.0,23877.564185266416
0.3689589320787886,0.8295915915611867,0.025750328435860163,0.03043079627676083,0.19899605593402653,0.5398832684824902,0.29080429656798534,27742,2234,473,555,2388720.0,8995.613469229776
0.3689589320787886,0.8295915915611867,0.025750328435860163,0.02342015743231601,0.10025534202392151,0.72568093385214,0.17617192112409966,23281,6695,282,746,2389500.0,24000.129015610888
0.3689589320787886,0.8295915915611867,0.025750328435860163,0.023433658779638177,0.10037725680409593,0.7247081712062257,0.17633136094674556,23299,6677,283,745,2390460.0,23938.846600438654
0.3689589320787886,0.8295915915611867,0.025750328435860163,0.02341096770436736,0.1000134066228717,0.72568093385214,0.17579827972192766,23263,6713,282,746,2392740.0,24058.1860405109
0.3689589320787886,0.8295915915611867,0.025750328435860163,0.030617811755550787,0.20065430752453653,0.5369649805447471,0.29214077798359356,27777,2199,476,552,2395020.0,8873.048638885304
0.3689589320787886,0.8295915915611867,0.025750328435860163,0.02340087538062548,0.09975929392885799,0.72568093385214,0.17540559604984718,23244,6732,282,746,2396160.0,24119.468455683138
0.3689589320787886,0.8295915915611867,0.025750328435860163,0.023389394146834497,0.09951974386339381,0.72568093385214,0.17503519474425153,23226,6750,282,746,2399400.0,24177.52548058315
0.3689589320787886,0.8295915915611867,0.025750328435860163,0.03151527915243914,0.21279937180997252,0.5272373540856031,0.3032167832167832,27971,2005,486,542,2402100.0,8215.069023351825
0.3689589320787886,0.8295915915611867,0.025750328435860163,0.02338352685316029,0.09926813040585496,0.72568093385214,0.17464590893128878,23207,6769,282,746,2402820.0,24238.807895755388
0.3689589320787886,0.8295915915611867,0.025750328435860163,0.03162894865263313,0.21400316455696203,0.5262645914396887,0.3042744656917885,27989,1987,487,541,2403060.0,8153.78660817959
0.3689589320787886,0.8295915915611867,0.025750328435860163,0.02335304785164614,0.09879804517236825,0.7276264591439688,0.1739737178741714,23153,6823,280,748,2404140.0,24419.429750999872
0.3689589320787886,0.8295915915611867,0.025750328435860163,0.030714406052099553,0.20087815587266739,0.5340466926070039,0.2919436320127626,27792,2184,479,549,2404920.0,8814.991613985292
0.3689589320787886,0.8295915915611867,0.025750328435860163,0.023359837075499653,0.09891419491525423,0.7266536964980544,0.17412587412587413,23171,6805,281,747,2405100.0,24358.147335827634
0.3689589320787886,0.8295915915611867,0.025750328435860163,0.031450499150380416,0.21130604288499025,0.5272373540856031,0.3016977456164765,27953,2023,486,542,2405340.0,8273.12604825184
0.3689589320787886,0.8295915915611867,0.025750328435860163,0.02337229641241913,0.09901778603663393,0.72568093385214,0.17425835085260452,23188,6788,282,746,2406240.0,24300.090310927622
0.3689589320787886,0.8295915915611867,0.025750328435860163,0.03117571021255746,0.2075543685616177,0.5291828793774319,0.29816388051520964,27899,2077,484,544,2406660.0,8453.747903496322
0.3689589320787886,0.8295915915611867,0.025750328435860163,0.030843846965551716,0.20289317507418397,0.5321011673151751,0.2937701396348013,27827,2149,481,547,2407020.0,8695.652173913044
0.3689589320787886,0.8295915915611867,0.025750328435860163,0.0233438198254943,0.0985637106338121,0.7276264591439688,0.17361030521063014,23135,6841,280,748,2407380.0,24477.486775899884
0.3689589320787886,0.8295915915611867,0.025750328435860163,0.03093598467758111,0.20395965633171462,0.5311284046692607,0.29473684210526313,27845,2131,482,546,2407980.0,8634.369758740808
0.3689589320787886,0.8295915915611867,0.025750328435860163,0.031368367724858244,0.20975232198142416,0.5272373540856031,0.3001107419712071,27934,2042,486,542,2408760.0,8334.408463424073
0.3689589320787886,0.8295915915611867,0.025750328435860163,0.031015418249868608,0.20504138449962378,0.5301556420233463,0.29571351058057516,27863,2113,483,545,2408940.0,8573.087343568572
0.3689589320787886,0.8295915915611867,0.025750328435860163,0.023321825981395816,0.09820374983610856,0.7285992217898832,0.1730791450028885,23098,6878,279,749,2409840.0,24600.051606244357
0.3689589320787886,0.8295915915611867,0.025750328435860163,0.031101781168697218,0.20606060606060606,0.5291828793774319,0.2966194111232279,27880,2096,484,544,2410080.0,8515.03031866856
0.3689589320787886,0.8295915915611867,0.025750328435860163,0.030782878470682614,0.20154753131908623,0.5321011673151751,0.2923570283270978,27809,2167,481,547,2410260.0,8753.709198813056
0.3689589320787886,0.8295915915611867,0.025750328435860163,0.023333655704040234,0.09831756046267087,0.7276264591439688,0.1732283464566929,23116,6860,280,748,2410800.0,24538.76919107212
0.3689589320787886,0.8295915915611867,0.025750328435860163,0.03126469521458541,0.20822128313484442,0.5272373540856031,0.29854034701184246,27915,2061,486,542,2412180.0,8395.69087859631
0.3689589320787886,0.8295915915611867,0.025750328435860163,0.031733731944640506,0.21442805898764447,0.5233463035019456,0.304212609556121,28005,1971,490,538,2412780.0,8092.504193007354
0.3689589320787886,0.8295915915611867,0.025750328435860163,0.02331384470604377,0.09797253106605625,0.7285992217898832,0.17271993543179984,23080,6896,279,749,2413080.0,24658.10863114437
0.3689589320787886,0.8295915915611867,0.025750328435860163,0.031837486797114255,0.2155760738659173,0.5223735408560312,0.3052003410059676,28022,1954,491,537,2413920.0,8034.447168107341
0.3689589320787886,0.8295915915611867,0.025750328435860163,0.023302605848942053,0.09772964509394572,0.7285992217898832,0.1723423838011965,23061,6915,279,749,2416500.0,24719.391046316607
0.3689589320787886,0.8295915915611867,0.025750328435860163,0.03194129685858192,0.21642394822006472,0.5204280155642024,0.3057142857142857,28039,1937,493,535,2419260.0,7973.164752935105
0.3689589320787886,0.8295915915611867,0.025750328435860163,0.023292484425971784,0.09748796043212286,0.7285992217898832,0.17196647916427504,23042,6934,279,749,2419920.0,24780.673461488837
0.3689589320787886,0.8295915915611867,0.025750328435860163,0.02328461928605491,0.0972600960914167,0.7285992217898832,0.17161186848436247,23024,6952,279,749,2423160.0,24838.730486388853
0.3689589320787886,0.8295915915611867,0.025750328435860163,0.023274955941940925,0.09702072538860104,0.7285992217898832,0.17123914037494284,23005,6971,279,749,2426580.0,24900.012901561087
0.3689589320787886,0.8295915915611867,0.025750328435860163,0.032055044847916,0.21678891605541972,0.5175097276264592,0.30557151062607696,28054,1922,496,532,2429160.0,7915.107728035092
0.3689589320787886,0.8295915915611867,0.025750328435860163,0.02326312882690325,0.09679503747738434,0.7285992217898832,0.17088751996349533,22987,6989,279,749,2429820.0,24958.069926461103
0.3689589320787886,0.8295915915611867,0.025750328435860163,0.023227794581028773,0.09624984001023934,0.7315175097276264,0.17011650265807035,22915,7061,276,752,2430180.0,25199.97419687782
0.3689589320787886,0.8295915915611867,0.025750328435860163,0.03226928413086738,0.21937086092715233,0.5155642023346303,0.3077816492450639,28090,1886,498,530,2431080.0,7792.54289769062
0.3689589320787886,0.8295915915611867,0.025750328435860163,0.02323675017887564,0.09635617141390813,0.730544747081712,0.1702561777374745,22933,7043,277,751,2431140.0,25138.691781705584
0.3689589320787886,0.8295915915611867,0.025750328435860163,0.023208857680663535,0.09592356687898089,0.7324902723735408,0.16963280018022078,22879,7097,275,753,2432460.0,25319.313636950068
0.3689589320787886,0.8295915915611867,0.025750328435860163,0.023256009362300427,0.0965579476601779,0.7285992217898832,0.17051792828685258,22968,7008,279,749,2433240.0,25019.352341633337
0.3689589320787886,0.8295915915611867,0.025750328435860163,0.02321892593896702,0.09602860426510024,0.7315175097276264,0.16977085449825036,22897,7079,276,752,2433420.0,25258.031221777834
0.3689589320787886,0.8295915915611867,0.025750328435860163,0.03216807053246015,0.21765913757700206,0.5155642023346303,0.30609298296274906,28071,1905,498,530,2434500.0,7853.825312862857
0.3689589320787886,0.8295915915611867,0.025750328435860163,0.023197951187417503,0.0956919557758292,0.7324902723735408,0.1692705406316736,22860,7116,275,753,2435880.0,25380.596052122306
0.3689589320787886,0.8295915915611867,0.025750328435860163,0.023244683797311917,0.09632201646090535,0.7285992217898832,0.17014993184915947,22949,7027,279,749,2436660.0,25080.634756805575
0.3689589320787886,0.8295915915611867,0.025750328435860163,0.03247062784408271,0.22152164775115596,0.5126459143968871,0.3093630760199589,28124,1852,501,527,2437560.0,7673.203457618371
0.3689589320787886,0.8295915915611867,0.025750328435860163,0.023185106874356272,0.09537060460409816,0.7334630350194552,0.16879337362883368,22824,7152,274,754,2438160.0,25499.935492194552
0.3689589320787886,0.8295915915611867,0.025750328435860163,0.032661388687431056,0.22278695468022025,0.5116731517509727,0.31041605193272354,28141,1835,502,526,2438700.0,7615.1464327183585
0.3689589320787886,0.8295915915611867,0.025750328435860163,0.02318982095913587,0.09547356409281095,0.7324902723735408,0.16892877173303422,22842,7134,275,753,2439120.0,25438.65307702232
0.3689589320787886,0.8295915915611867,0.025750328435860163,0.02316128262219581,0.09495101733232857,0.7354085603112841,0.1681868743047831,22770,7206,272,756,2439480.0,25680.557347439044
0.3689589320787886,0.8295915915611867,0.025750328435860163,0.02317025915306504,0.0950522472617399,0.7344357976653697,0.16832014268197526,22788,7188,273,755,2440440.0,25619.274932266806
0.3689589320787886,0.8295915915611867,0.025750328435860163,0.03237033990022725,0.21976647206005004,0.5126459143968871,0.3076474022183304,28105,1871,501,527,2440980.0,7734.485872790608
0.3689589320787886,0.8295915915611867,0.025750328435860163,0.023178769650423516,0.09515396264512872,0.7334630350194552,0.16845397676496873,22806,7170,274,754,2441400.0,25557.992517094568
0.3689589320787886,0.8295915915611867,0.025750328435860163,0.023151372949204645,0.09473684210526316,0.7354085603112841,0.16785079928952043,22752,7224,272,756,2442720.0,25738.614372339052
0.3689589320787886,0.8295915915611867,0.025750328435860163,0.03282392562238777,0.2237403928266439,0.5097276264591439,0.3109792284866469,28158,1818,504,524,2444040.0,7553.864017546123
0.3689589320787886,0.8295915915611867,0.025750328435860163,0.03292406709551445,0.22513990529487732,0.5087548638132295,0.3121456281706953,28176,1800,505,523,2445000.0,7492.581602373888
0.3689589320787886,0.8295915915611867,0.025750328435860163,0.02314427083874809,0.0945118139767471,0.7354085603112841,0.1674975074775673,22733,7243,272,756,2446140.0,25799.89678751129
0.3689589320787886,0.8295915915611867,0.025750328435860163,0.023117133333068408,0.0941030415890751,0.7373540856031129,0.16690520753055157,22679,7297,270,758,2447460.0,25980.518642755775
0.3689589320787886,0.8295915915611867,0.025750328435860163,0.023127979090106967,0.09420109507217521,0.7363813229571985,0.1670344218887908,22697,7279,271,757,2448420.0,25919.236227583537
0.3689589320787886,0.8295915915611867,0.025750328435860163,0.023136178567192942,0.0942996133216914,0.7354085603112841,0.16716417910447762,22715,7261,272,756,2449380.0,25857.9538124113
0.3689589320787886,0.8295915915611867,0.025750328435860163,0.023107249629052317,0.09389322432800694,0.7373540856031129,0.16657510163718273,22661,7315,270,758,2450700.0,26038.57566765579
0.3689589320787886,0.8295915915611867,0.025750328435860163,0.02307947176316336,0.09349243449378768,0.7392996108949417,0.16599322922354484,22607,7369,268,760,2452020.0,26219.19752290027
0.3689589320787886,0.8295915915611867,0.025750328435860163,0.022995980407020424,0.09253442860594346,0.745136186770428,0.16462497313561145,22464,7512,262,766,2452560.0,26699.780673461486
0.3689589320787886,0.8295915915611867,0.025750328435860163,0.023087766348945417,0.0935881627620222,0.7383268482490273,0.16611950098489822,22625,7351,269,759,2452980.0,26157.915107728037
0.3689589320787886,0.8295915915611867,0.025750328435860163,0.023005974296761263,0.09262622593534327,0.7441634241245136,0.16474641972649942,22482,7494,263,765,2453520.0,26638.49825828925
0.3689589320787886,0.8295915915611867,0.025750328435860163,0.023098239117908356,0.09367276322293623,0.7373540856031129,0.16622807017543859,22642,7334,270,758,2454120.0,26099.85808282802
0.3689589320787886,0.8295915915611867,0.025750328435860163,0.023062925876158318,0.0931912809208915,0.7402723735408561,0.16554274526865348,22571,7405,267,761,2454300.0,26338.53696297252
0.3689589320787886,0.8295915915611867,0.025750328435860163,0.023014742552883924,0.09270719572867371,0.7431906614785992,0.16485057719279317,22499,7477,264,764,2454660.0,26580.44123338924
0.3689589320787886,0.8295915915611867,0.025750328435860163,0.02298055093479542,0.09224293445580277,0.7461089494163424,0.1641870919404902,22428,7548,261,767,2454840.0,26819.12011353374
0.3689589320787886,0.8295915915611867,0.025750328435860163,0.033042261237039544,0.22559652928416485,0.5058365758754864,0.312031203120312,28191,1785,508,520,2454900.0,7434.524577473875
0.3689589320787886,0.8295915915611867,0.025750328435860163,0.02307016222193474,0.09327442317133039,0.7392996108949417,0.16564952048823017,22588,7388,268,760,2455440.0,26280.479938072505
0.3689589320787886,0.8295915915611867,0.025750328435860163,0.02298688955694598,0.09232252621429432,0.745136186770428,0.16428954423592493,22445,7531,262,766,2455980.0,26761.063088633724
0.3689589320787886,0.8295915915611867,0.025750328435860163,0.022962290511535647,0.09195402298850575,0.7470817120622568,0.16375266524520257,22392,7584,260,768,2457120.0,26938.459553605986
0.3689589320787886,0.8295915915611867,0.025750328435860163,0.02305070223589694,0.09297495418448382,0.7402723735408561,0.1652013459242375,22552,7424,267,761,2457720.0,26399.819378144755
0.3689589320787886,0.8295915915611867,0.025750328435860163,0.022971461132579127,0.09203263738900888,0.7461089494163424,0.16385387737662893,22409,7567,261,767,2458260.0,26880.40252870597
0.3689589320787886,0.8295915915611867,0.025750328435860163,0.022953035373231657,0.0917453111934058,0.7470817120622568,0.16342164060006384,22373,7603,260,768,2460540.0,26999.741968778224
0.3689589320787886,0.8295915915611867,0.025750328435860163,0.02303870904903852,0.09275962944904924,0.7402723735408561,0.16486135181975736,22533,7443,267,761,2461140.0,26461.101793316993
0.3689589320787886,0.8295915915611867,0.025750328435860163,0.022946099187475675,0.09153754469606674,0.7470817120622568,0.16309195158207687,22354,7622,260,768,2463960.0,27061.024383950462
0.3689589320787886,0.8295915915611867,0.025750328435860163,0.022909532856645196,0.09109168241965973,0.75,0.1624525916561315,22283,7693,257,771,2464140.0,27299.703264094955
0.3689589320787886,0.8295915915611867,0.025750328435860163,0.02302617773897571,0.09255655558258331,0.7402723735408561,0.16454054054054054,22515,7461,267,761,2464380.0,26519.158818217
0.3689589320787886,0.8295915915611867,0.025750328435860163,0.03316300620908378,0.22615923009623798,0.5029182879377432,0.312009656004828,28207,1769,511,517,2464620.0,7373.242162301638
0.3689589320787886,0.8295915915611867,0.025750328435860163,0.022934391202358476,0.09134157944814462,0.7470817120622568,0.16278083933870285,22336,7640,260,768,2467200.0,27119.08140885047
0.3689589320787886,0.8295915915611867,0.025750328435860163,0.022900151134773925,0.09088765766827774,0.75,0.1621280622437178,22264,7712,257,771,2467560.0,27360.985679267193
0.3689589320787886,0.8295915915611867,0.025750328435860163,0.0229188595988747,0.09105979869745412,0.7480544747081712,0.16235617016784545,22300,7676,259,769,2469480.0,27238.420848922717
0.3689589320787886,0.8295915915611867,0.025750328435860163,0.02287652030321946,0.09061032863849765,0.7509727626459144,0.16170925848345202,22228,7748,256,772,2469840.0,27480.32511933944
0.3689589320787886,0.8295915915611867,0.025750328435860163,0.03333166993654436,0.22707231040564374,0.5009727626459144,0.3125,28223,1753,513,515,2470140.0,7315.185137401625
0.3689589320787886,0.8295915915611867,0.025750328435860163,0.022927007644472495,0.09113563545745818,0.7470817120622568,0.1624537281861449,22317,7659,260,768,2470620.0,27180.36382402271
0.3689589320787886,0.8295915915611867,0.025750328435860163,0.022885850806918264,0.09069521232796142,0.75,0.16182180711512226,22246,7730,257,771,2470800.0,27419.04270416721
0.3689589320787886,0.8295915915611867,0.025750328435860163,0.03360400447063803,0.23004484304932735,0.4990272373540856,0.3149171270718232,28259,1717,515,513,2472060.0,7192.620307057155
0.3689589320787886,0.8295915915611867,0.025750328435860163,0.022869013115933014,0.09041930194424924,0.7509727626459144,0.16140497595651265,22210,7766,256,772,2473080.0,27538.382144239455
0.3689589320787886,0.8295915915611867,0.025750328435860163,0.0334975985827093,0.22810137839039574,0.4990272373540856,0.3130912419896247,28240,1736,515,513,2475480.0,7253.90272222939
0.3689589320787886,0.8295915915611867,0.025750328435860163,0.022853946228571072,0.09013526119402986,0.7519455252918288,0.16097459391920033,22173,7803,255,773,2475540.0,27660.946974583923
0.3689589320787886,0.8295915915611867,0.025750328435860163,0.02286293100063198,0.09021853453313076,0.7509727626459144,0.1610850286906625,22191,7785,256,772,2476500.0,27599.66455941169
0.3689589320787886,0.8295915915611867,0.025750328435860163,0.022827594152344005,0.08978220574606116,0.7538910505836576,0.16045548654244307,22119,7857,253,775,2476860.0,27841.56882982841
0.3689589320787886,0.8295915915611867,0.025750328435860163,0.03374904231781632,0.2310126582278481,0.4970817120622568,0.3154320987654321,28275,1701,517,511,2477580.0,7134.563282157142
0.3689589320787886,0.8295915915611867,0.025750328435860163,0.022836985633506883,0.08986415882967608,0.7529182879377432,0.16056425681983197,22137,7839,254,774,2477820.0,27780.286414656173
0.3689589320787886,0.8295915915611867,0.025750328435860163,0.022845771962823114,0.08994647428438446,0.7519455252918288,0.16067345666181668,22155,7821,255,773,2478780.0,27719.00399948394
0.3689589320787886,0.8295915915611867,0.025750328435860163,0.02282242893242276,0.08959537572254335,0.7538910505836576,0.16015705724323206,22101,7875,253,775,2480100.0,27899.625854728423
0.3689589320787886,0.8295915915611867,0.025750328435860163,0.03388357928388495,0.23210214318285455,0.49513618677042803,0.3160509158646383,28292,1684,519,509,2482920.0,7073.280866984905
0.3689589320787886,0.8295915915611867,0.025750328435860163,0.022812280549518813,0.08939900795939555,0.7538910505836576,0.15984325048984221,22082,7894,253,775,2483520.0,27960.908269900658
0.3689589320787886,0.8295915915611867,0.025750328435860163,0.02279459457202855,0.08905444126074498,0.7558365758754864,0.15933558904952322,22028,7948,251,777,2484840.0,28141.530125145142
0.3689589320787886,0.8295915915611867,0.025750328435860163,0.034379983244150814,0.23678053345811886,0.49221789883268485,0.3197472353870458,28345,1631,522,506,2485980.0,6892.65901174042
0.3689589320787886,0.8295915915611867,0.025750328435860163,0.02273104365268687,0.08831168831168831,0.7607003891050583,0.15825154305372863,21903,8073,246,782,2486340.0,28560.830860534126
0.3689589320787886,0.8295915915611867,0.025750328435860163,0.02280611159068541,0.08921376769886037,0.7538910505836576,0.159547092125579,22064,7912,253,775,2486760.0,28018.96529480067
0.3689589320787886,0.8295915915611867,0.025750328435860163,0.022779210589154924,0.08879251312485734,0.7568093385214008,0.1589376915219612,21992,7984,250,778,2487120.0,28260.86956521739
0.3689589320787886,0.8295915915611867,0.025750328435860163,0.022743436987699907,0.08838841104572205,0.7597276264591439,0.1583536090835361,21921,8055,247,781,2487300.0,28499.54844536189
0.3689589320787886,0.8295915915611867,0.025750328435860163,0.022786263449794116,0.088871096877502,0.7558365758754864,0.1590420632483881,22010,7966,251,777,2488080.0,28199.587150045158
0.3689589320787886,0.8295915915611867,0.025750328435860163,0.03469367365902709,0.24,0.490272373540856,0.32225063938618925,28380,1596,524,504,2488080.0,6773.319571668172
0.3689589320787886,0.8295915915611867,0.025750328435860163,0.03400694399449125,0.23310344827586207,0.49319066147859925,0.3165782079300656,28308,1668,521,507,2488440.0,7015.223842084892
0.3689589320787886,0.8295915915611867,0.025750328435860163,0.03482387657424987,0.24171071600192215,0.4892996108949416,0.3235767127693792,28398,1578,525,503,2489040.0,6712.037156495936
0.3689589320787886,0.8295915915611867,0.025750328435860163,0.022760497519301835,0.08853278781679737,0.7577821011673151,0.15854279027170043,21956,8020,249,779,2489400.0,28380.209005289642
0.3689589320787886,0.8295915915611867,0.025750328435860163,0.034198000150794966,0.23469387755102042,0.49221789883268485,0.3178391959798995,28326,1650,522,506,2489400.0,6953.941426912656
0.3689589320787886,0.8295915915611867,0.025750328435860163,0.022722604584663224,0.08813253690972614,0.7607003891050583,0.15796384203615796,21885,8091,246,782,2489580.0,28618.887885434135
0.3689589320787886,0.8295915915611867,0.025750328435860163,0.0226597129083217,0.0873420527599202,0.7665369649805448,0.15681592039800996,21742,8234,240,788,2490120.0,29099.471035995357
0.3689589320787886,0.8295915915611867,0.025750328435860163,0.02279996991757151,0.08901906730990122,0.7538910505836576,0.1592356687898089,22045,7931,253,775,2490180.0,28080.247709972904
0.3689589320787886,0.8295915915611867,0.025750328435860163,0.02277067348407136,0.08861047835990889,0.7568093385214008,0.15864600326264275,21974,8002,250,778,2490360.0,28318.926590117404
0.3689589320787886,0.8295915915611867,0.025750328435860163,0.022665843515280646,0.0874055975122168,0.7655642023346303,0.15689792663476873,21759,8217,241,787,2491260.0,29041.41401109534
0.3689589320787886,0.8295915915611867,0.025750328435860163,0.03454200316845467,0.2378480415290231,0.490272373540856,0.3203050524308866,28361,1615,524,504,2491500.0,6834.601986840408
0.3689589320787886,0.8295915915611867,0.025750328435860163,0.022705963709136048,0.08786892604645943,0.7616731517509727,0.15756112284938123,21848,8128,245,783,2492040.0,28741.45271577861
0.3689589320787886,0.8295915915611867,0.025750328435860163,0.02267700665278845,0.08747913188647746,0.7645914396887159,0.15699590532308,21777,8199,242,786,2492220.0,28980.131595923107
0.3689589320787886,0.8295915915611867,0.025750328435860163,0.022749497193509546,0.08834202767067362,0.7577821011673151,0.15823684745074143,21937,8039,249,779,2492820.0,28441.49142046188
0.3689589320787886,0.8295915915611867,0.025750328435860163,0.022713661165746902,0.08794421952316689,0.7607003891050583,0.15766129032258064,21866,8110,246,782,2493000.0,28680.170300606373
0.3689589320787886,0.8295915915611867,0.025750328435860163,0.022684416995504345,0.08755297791657372,0.7636186770428015,0.15709425655393236,21795,8181,243,785,2493180.0,28918.849180750873
0.3689589320787886,0.8295915915611867,0.025750328435860163,0.02265145474878224,0.08715850016591085,0.7665369649805448,0.1565200119177674,21723,8253,240,788,2493540.0,29160.75345116759
0.3689589320787886,0.8295915915611867,0.025750328435860163,0.02269190618915821,0.08761734465802413,0.7626459143968871,0.15717722534081796,21812,8164,244,784,2494320.0,28860.792155850857
0.3689589320787886,0.8295915915611867,0.025750328435860163,0.022699413906918896,0.08769179079404188,0.7616731517509727,0.15727628803856583,21830,8146,245,783,2495280.0,28799.50974067862
0.3689589320787886,0.8295915915611867,0.025750328435860163,0.022647008415754344,0.08698531846782205,0.7665369649805448,0.15624070585902647,21705,8271,240,788,2496780.0,29218.810476067603
0.3689589320787886,0.8295915915611867,0.025750328435860163,0.02263988000712287,0.08680326063009473,0.7665369649805448,0.15594696220067286,21686,8290,240,788,2500200.0,29280.09289123984
0.3689589320787886,0.8295915915611867,0.025750328435860163,0.035278811053951004,0.2458045409674235,0.48443579766536965,0.32612966601178783,28448,1528,530,498,2501040.0,6534.640691523674
0.3689589320787886,0.8295915915611867,0.025750328435860163,0.022624512550615136,0.08656061437191442,0.7675097276264592,0.15557527358769596,21650,8326,239,789,2502480.0,29399.432331312088
0.3689589320787886,0.8295915915611867,0.025750328435860163,0.035019584156785154,0.24188075618031993,0.48540856031128404,0.3228728566806859,28412,1564,529,499,2503320.0,6653.980131595923
0.3689589320787886,0.8295915915611867,0.025750328435860163,0.02262904295180339,0.08662196328459931,0.7665369649805448,0.15565432098765433,21667,8309,240,788,2503620.0,29341.375306412076
0.3689589320787886,0.8295915915611867,0.025750328435860163,0.03513905779443575,0.2436399217221135,0.48443579766536965,0.32421875,28430,1546,530,498,2504280.0,6592.697716423687
0.3689589320787886,0.8295915915611867,0.025750328435860163,0.02257597466822385,0.08594342689931722,0.7714007782101168,0.15465626523647003,21542,8434,235,793,2505120.0,29760.67604180106
0.3689589320787886,0.8295915915611867,0.025750328435860163,0.022617616734952117,0.08638055616378366,0.7675097276264592,0.15528439283605588,21631,8345,239,789,2505900.0,29460.714746484322
0.3689589320787886,0.8295915915611867,0.025750328435860163,0.035474764682131905,0.2471350274040857,0.48249027237354086,0.3268533772652389,28465,1511,532,496,2506380.0,6473.358276351439
0.3689589320787886,0.8295915915611867,0.025750328435860163,0.03571751839684018,0.24899396378269617,0.48151750972762647,0.3282493368700265,28483,1493,533,495,2507340.0,6412.0758611792035
0.3689589320787886,0.8295915915611867,0.025750328435860163,0.022560852111452312,0.08570811744386873,0.7723735408560312,0.154294597745822,21506,8470,234,794,2507400.0,29880.015481873306
0.3689589320787886,0.8295915915611867,0.025750328435860163,0.022600321262699397,0.0861410969359939,0.7684824902723736,0.15491714874007256,21595,8381,238,790,2508180.0,29580.054186556576
0.3689589320787886,0.8295915915611867,0.025750328435860163,0.02256752105179579,0.08576681808349557,0.7714007782101168,0.1543702550126533,21523,8453,235,793,2508540.0,29821.958456973298
0.3689589320787886,0.8295915915611867,0.025750328435860163,0.022608066085417704,0.0862012454932809,0.7675097276264592,0.15499459778017877,21612,8364,239,789,2509320.0,29521.99716165656
0.3689589320787886,0.8295915915611867,0.025750328435860163,0.022582854200863638,0.08590356211989575,0.769455252918288,0.15455255959359124,21559,8417,237,791,2510460.0,29699.393626628822
0.3689589320787886,0.8295915915611867,0.025750328435860163,0.022551639226303016,0.08553269417214263,0.7723735408560312,0.15401028028319272,21487,8489,234,794,2510820.0,29941.297897045544
0.3689589320787886,0.8295915915611867,0.025750328435860163,0.022590176728549145,0.08596300326441784,0.7684824902723736,0.15462908592679586,21576,8400,238,790,2511600.0,29641.336601728806
0.3689589320787886,0.8295915915611867,0.025750328435860163,0.03591599438583291,0.250253807106599,0.4795719844357977,0.32888592394929955,28499,1477,535,493,2512860.0,6354.018836279189
0.3689589320787886,0.8295915915611867,0.025750328435860163,0.022541983177833305,0.085367164820987,0.7723735408560312,0.1537418917610611,21469,8507,234,794,2514060.0,29999.354921945553
0.3689589320787886,0.8295915915611867,0.025750328435860163,0.03612518766163771,0.25064069707842135,0.47568093385214005,0.3282980866062437,28514,1462,539,489,2526960.0,6292.7364211069535
0.3689589320787886,0.8295915915611867,0.025750328435860163,0.03632515158542884,0.25193998965338854,0.47373540856031127,0.32894292468760555,28530,1446,541,487,2532480.0,6234.6793962069405
0.3689589320787886,0.8295915915611867,0.025750328435860163,0.036483834226854764,0.25235109717868337,0.4698443579766537,0.3283480625424881,28545,1431,545,483,2546580.0,6173.396981034705
0.3689589320787886,0.8295915915611867,0.025750328435860163,0.03693394397453494,0.256259989344699,0.4678988326848249,0.3311531841652324,28580,1396,547,481,2548680.0,6054.057540962456
0.3689589320787886,0.8295915915611867,0.025750328435860163,0.03672010513769788,0.2538258575197889,0.4678988326848249,0.3291139240506329,28562,1414,547,481,2551920.0,6112.114565862469
0.3689589320787886,0.8295915915611867,0.025750328435860163,0.03716696592309003,0.2572658772874058,0.4649805447470817,0.33125433125433124,28596,1380,550,478,2558400.0,5992.775125790221
0.3689589320787886,0.8295915915611867,0.025750328435860163,0.037407356411990986,0.2592391304347826,0.46400778210116733,0.33263598326359833,28613,1363,551,477,2559540.0,5934.718100890208
0.3689589320787886,0.8295915915611867,0.025750328435860163,0.037615623788821544,0.2613948380010983,0.46303501945525294,0.33415233415233414,28631,1345,552,476,2560500.0,5873.435685717972
0.3689589320787886,0.8295915915611867,0.025750328435860163,0.03783336596236477,0.2624861265260821,0.4601167315175097,0.3342756183745583,28647,1329,555,473,2570220.0,5812.153270545737
0.3689589320787886,0.8295915915611867,0.025750328435860163,0.03872528305731899,0.2708333333333333,0.45525291828793774,0.33962264150943394,28716,1260,560,468,2578800.0,5573.474390401238
0.3689589320787886,0.8295915915611867,0.025750328435860163,0.0388665312029076,0.2732592159157402,0.45428015564202334,0.3412495432955791,28734,1242,561,467,2579760.0,5512.191975229002
0.3689589320787886,0.8295915915611867,0.025750328435860163,0.03797010405978346,0.26345291479820626,0.4571984435797665,0.33428165007112376,28662,1314,558,470,2580120.0,5754.096245645724
0.3689589320787886,0.8295915915611867,0.025750328435860163,0.03846905698821875,0.2678878076702919,0.45525291828793774,0.3372972972972973,28697,1279,560,468,2582220.0,5634.756805573475
0.3689589320787886,0.8295915915611867,0.025750328435860163,0.039095749375377166,0.2749852158486103,0.45233463035019456,0.3420375137918352,28750,1226,563,465,2585280.0,5454.13495032899
0.3689589320787886,0.8295915915611867,0.025750328435860163,0.038131412414642844,0.2651558073654391,0.45525291828793774,0.3351235230934479,28679,1297,560,468,2585460.0,5692.8138304734875
0.3689589320787886,0.8295915915611867,0.025750328435860163,0.03934825703094545,0.2769138755980861,0.45038910505836577,0.34296296296296297,28767,1209,565,463,2590620.0,5392.852535156754
0.3689589320787886,0.8295915915611867,0.025750328435860163,0.03962340874993884,0.2781136638452237,0.4474708171206226,0.343027591349739,28782,1194,568,460,2600520.0,5334.795510256741
0.3689589320787886,0.8295915915611867,0.025750328435860163,0.039984864083130255,0.28073394495412846,0.4464980544747082,0.344723995493804,28800,1176,569,459,2601480.0,5273.513095084505
0.3689589320787886,0.8295915915611867,0.025750328435860163,0.04034655975525391,0.28279702970297027,0.44455252918287935,0.34568835098335854,28817,1159,571,457,2606820.0,5212.230679912269
0.3689589320787886,0.8295915915611867,0.025750328435860163,0.04076230469088955,0.2853566958698373,0.44357976653696496,0.3472962680883473,28834,1142,572,456,2607960.0,5154.173655012256
0.3689589320787886,0.8295915915611867,0.025750328435860163,0.04109200536454778,0.2881570614312856,0.44260700389105057,0.349060222477944,28852,1124,573,455,2608920.0,5092.891239840021
0.3689589320787886,0.8295915915611867,0.025750328435860163,0.041239865623557116,0.2903846153846154,0.4406614785992218,0.3500772797527048,28869,1107,575,453,2614260.0,5031.608824667785
0.3689589320787886,0.8295915915611867,0.025750328435860163,0.04163201057033307,0.2924773022049287,0.438715953307393,0.35097276264591437,28885,1091,577,451,2619780.0,4973.551799767772
0.3689589320787886,0.8295915915611867,0.025750328435860163,0.04197749787263492,0.2948128693368352,0.4367704280155642,0.3520188161505292,28902,1074,579,449,2625120.0,4912.269384595536
0.3689589320787886,0.8295915915611867,0.025750328435860163,0.0423298681316577,0.2963455149501661,0.433852140077821,0.3521515988945914,28917,1059,582,446,2635020.0,4854.212359695523
0.3689589320787886,0.8295915915611867,0.025750328435860163,0.04417727386708805,0.3123229461756374,0.428988326848249,0.3614754098360656,29005,971,587,441,2640180.0,4554.25106437879
0.3689589320787886,0.8295915915611867,0.025750328435860163,0.04381826478047732,0.3083916083916084,0.428988326848249,0.35882831570382423,28987,989,587,441,2643420.0,4612.308089278803
0.3689589320787886,0.8295915915611867,0.025750328435860163,0.042597312673123264,0.2981157469717362,0.43093385214007784,0.3524264120922832,28933,1043,585,443,2644740.0,4792.929944523287
0.3689589320787886,0.8295915915611867,0.025750328435860163,0.04294882204907784,0.3012951601908657,0.42996108949416345,0.35430861723446894,28951,1025,586,442,2645700.0,4731.647529351052
0.3689589320787886,0.8295915915611867,0.025750328435860163,0.043420716428101754,0.30434782608695654,0.428988326848249,0.3560758982640291,28968,1008,587,441,2646840.0,4673.590504451038
0.3689589320787886,0.8295915915611867,0.025750328435860163,0.04459448989651973,0.31442928930366115,0.4260700389105058,0.3618339529120198,29021,955,590,438,2649900.0,4492.968649206554
0.3689589320787886,0.8295915915611867,0.025750328435860163,0.04503686812718933,0.3180494905385735,0.42509727626459143,0.3638634471273938,29039,937,591,437,2650860.0,4431.686234034319
0.3689589320787886,0.8295915915611867,0.025750328435860163,0.045383989597889834,0.3200589970501475,0.42217898832684825,0.3640939597315436,29054,922,594,434,2660760.0,4373.629209134306
0.3689589320787886,0.8295915915611867,0.025750328435860163,0.04591174481222443,0.3231114435302917,0.42023346303501946,0.3653276955602537,29071,905,596,432,2666100.0,4312.34679396207
0.3689589320787886,0.8295915915611867,0.025750328435860163,0.04648092269890341,0.3260045489006823,0.4182879377431907,0.3664252236898168,29087,889,598,430,2671620.0,4254.289769062057
0.3689589320787886,0.8295915915611867,0.025750328435860163,0.04691448943546489,0.32846153846153847,0.4153696498054475,0.36683848797250856,29103,873,601,427,2681340.0,4193.0073538898205
0.3689589320787886,0.8295915915611867,0.025750328435860163,0.0474931753482101,0.3317720530835285,0.41342412451361865,0.36812472932005197,29120,856,603,425,2686680.0,4131.724938717584
0.3689589320787886,0.8295915915611867,0.025750328435860163,0.048321475510919,0.33570863024544734,0.41245136186770426,0.3701440419030991,29137,839,604,424,2687820.0,4073.667913817572
0.3689589320787886,0.8295915915611867,0.025750328435860163,0.04890948310043624,0.3392282958199357,0.41050583657587547,0.3714788732394366,29154,822,606,422,2693160.0,4012.3854986453366
0.3689589320787886,0.8295915915611867,0.025750328435860163,0.049402493830166795,0.3425774877650897,0.4085603112840467,0.37267080745341613,29170,806,608,420,2698680.0,3954.3284737453228
0.3689589320787886,0.8295915915611867,0.025750328435860163,0.051228064914072474,0.35555555555555557,0.4046692607003891,0.37852593266606005,29222,754,612,416,2706120.0,3773.7066185008384
0.3689589320787886,0.8295915915611867,0.025750328435860163,0.04968087987364576,0.34548467274233635,0.4056420233463035,0.3731543624161074,29186,790,611,417,2708400.0,3893.0460585730875
0.3689589320787886,0.8295915915611867,0.025750328435860163,0.05030656496284485,0.3501683501683502,0.4046692607003891,0.37545126353790614,29204,772,612,416,2709360.0,3831.7636434008514
0.3689589320787886,0.8295915915611867,0.025750328435860163,0.051752648147745973,0.35881841876629017,0.40175097276264593,0.37907296925195044,29238,738,615,413,2715840.0,3712.4242033286027
0.3689589320787886,0.8295915915611867,0.025750328435860163,0.052902726303942146,0.36714542190305205,0.3978599221789883,0.3818860877684407,29271,705,619,409,2726700.0,3593.0847632563537
0.3689589320787886,0.8295915915611867,0.025750328435860163,0.052254495851216894,0.36130742049469966,0.3978599221789883,0.3787037037037037,29253,723,619,409,2729940.0,3651.1417881563666
0.3689589320787886,0.8295915915611867,0.025750328435860163,0.053519018213581786,0.3698630136986301,0.3939688715953307,0.3815355628827131,29286,690,623,405,2740800.0,3531.8023480841184
0.3689589320787886,0.8295915915611867,0.025750328435860163,0.054482083991891236,0.37418755803156917,0.39202334630350194,0.3828978622327791,29302,674,625,403,2746320.0,3473.7453231841055
0.3689589320787886,0.8295915915611867,0.025750328435860163,0.05540405453931551,0.3771266540642722,0.38813229571984437,0.3825503355704698,29317,659,629,399,2760420.0,3412.4629080118693
0.3689589320787886,0.8295915915611867,0.025750328435860163,0.05626187389892403,0.37921077959576516,0.3832684824902724,0.38122883405902275,29331,645,634,394,2778900.0,3351.1804928396336
0.3689589320787886,0.8295915915611867,0.025750328435860163,0.05695504391231745,0.3819784524975514,0.37937743190661477,0.3806734992679356,29345,631,638,390,2793180.0,3293.123467939621
0.3689589320787886,0.8295915915611867,0.025750328435860163,0.058001581759184434,0.38622754491017963,0.3764591439688716,0.3812807881773399,29361,615,641,387,2802900.0,3231.841052767385
0.3689589320787886,0.8295915915611867,0.025750328435860163,0.05903886818613578,0.3902439024390244,0.3735408560311284,0.3817097415506958,29376,600,644,384,2812800.0,3173.784027867372
0.3689589320787886,0.8295915915611867,0.025750328435860163,0.05999455311715985,0.39585492227979274,0.3715953307392996,0.3833416959357752,29393,583,646,382,2818140.0,3112.501612695136
0.3689589320787886,0.8295915915611867,0.025750328435860163,0.061122803951899035,0.39957716701902746,0.36770428015564205,0.3829787234042553,29408,568,650,378,2832240.0,3051.2191975229002
0.3689589320787886,0.8295915915611867,0.025750328435860163,0.06203512994437389,0.40625,0.3667315175097276,0.38548057259713703,29425,551,651,377,2833380.0,2993.1621726228873
0.3689589320787886,0.8295915915611867,0.025750328435860163,0.06292485018185431,0.41144114411441146,0.3638132295719844,0.3861641713990707,29441,535,654,374,2843100.0,2931.8797574506516
0.3689589320787886,0.8295915915611867,0.025750328435860163,0.06437464518129304,0.4175084175084175,0.36186770428015563,0.3877019280875456,29457,519,656,372,2848620.0,2873.8227325506386
0.3689589320787886,0.8295915915611867,0.025750328435860163,0.06596975903164279,0.42201834862385323,0.35797665369649806,0.3873684210526316,29472,504,660,368,2862720.0,2812.540317378403
0.3689589320787886,0.8295915915611867,0.025750328435860163,0.06682828479686372,0.42790152403282533,0.3550583657587549,0.38809144072301965,29488,488,663,365,2872440.0,2751.2579022061673
0.3689589320787886,0.8295915915611867,0.025750328435860163,0.06874681643628944,0.4311377245508982,0.35019455252918286,0.3864734299516908,29501,475,668,360,2891100.0,2693.200877306154
0.3689589320787886,0.8295915915611867,0.025750328435860163,0.07016494742146652,0.43504901960784315,0.3453307392996109,0.38503253796095444,29515,461,673,355,2909580.0,2631.918462133918
0.3689589320787886,0.8295915915611867,0.025750328435860163,0.07152597326104145,0.44110275689223055,0.3424124513618677,0.3855421686746988,29530,446,676,352,2919480.0,2573.8614372339052
0.3689589320787886,0.8295915915611867,0.025750328435860163,0.07338896124970593,0.4467265725288832,0.33852140077821014,0.3851687880464859,29545,431,680,348,2933580.0,2512.5790220616695
0.3689589320787886,0.8295915915611867,0.025750328435860163,0.07612614500601432,0.45657894736842103,0.33754863813229574,0.38814317673378074,29563,413,681,347,2934540.0,2451.2966068894334
0.3689589320787886,0.8295915915611867,0.025750328435860163,0.07863569358431538,0.46226415094339623,0.3336575875486381,0.38757062146892657,29577,399,685,343,2948820.0,2393.2395819894205
0.3689589320787886,0.8295915915611867,0.025750328435860163,0.0816517646255852,0.4661134163208852,0.32782101167315175,0.38492290119931466,29590,386,691,337,2971680.0,2331.9571668171848
0.3689589320787886,0.8295915915611867,0.025750328435860163,0.08407954914664785,0.4744318181818182,0.32490272373540857,0.3856812933025404,29606,370,694,334,2981400.0,2270.674751644949
0.3689589320787886,0.8295915915611867,0.025750328435860163,0.08698541969830026,0.4839650145772595,0.3229571984435798,0.38739789964994165,29622,354,696,332,2986920.0,2212.617726744936
0.3689589320787886,0.8295915915611867,0.025750328435860163,0.09021087397295156,0.4917541229385307,0.31906614785992216,0.3870206489675516,29637,339,700,328,3001020.0,2151.3353115727004
0.3689589320787886,0.8295915915611867,0.025750328435860163,0.09451018153508338,0.4946070878274268,0.3122568093385214,0.3828264758497317,29648,328,707,321,3028440.0,2093.2782866726875
0.3689589320787886,0.8295915915611867,0.025750328435860163,0.09943305565809198,0.5031746031746032,0.30836575875486383,0.3823884197828709,29663,313,711,317,3042540.0,2031.9958715004516
0.3689589320787886,0.8295915915611867,0.025750328435860163,0.1053023310494475,0.513911620294599,0.30544747081712065,0.38316046369737644,29679,297,714,314,3052260.0,1970.713456328216
0.3689589320787886,0.8295915915611867,0.025750328435860163,0.11125071191005415,0.5193929173693086,0.29961089494163423,0.3800123380629241,29691,285,720,308,3075300.0,1912.656431428203
0.3689589320787886,0.8295915915611867,0.025750328435860163,0.11559373819668532,0.5261324041811847,0.29377431906614787,0.37702871410736577,29704,272,726,302,3098160.0,1851.374016255967
0.3689589320787886,0.8295915915611867,0.025750328435860163,0.1242774037216922,0.5323741007194245,0.28793774319066145,0.37373737373737376,29716,260,732,296,3121200.0,1793.3169913559539
0.3689589320787886,0.8295915915611867,0.025750328435860163,0.12972033579197031,0.5437616387337058,0.2840466926070039,0.3731629392971246,29731,245,736,292,3135300.0,1732.0345761837182
0.3689589320787886,0.8295915915611867,0.025750328435860163,0.1394792215159845,0.5598455598455598,0.2821011673151751,0.37516170763260026,29748,228,738,290,3140640.0,1670.7521610114823
0.3689589320787886,0.8295915915611867,0.025750328435860163,0.14743659006014484,0.576,0.2801556420233463,0.3769633507853403,29764,212,740,288,3146160.0,1612.6951361114693
0.3689589320787886,0.8295915915611867,0.025750328435860163,0.16137375933278225,0.5862785862785863,0.27431906614785995,0.37375745526838966,29777,199,746,282,3169020.0,1551.4127209392336
0.3689589320787886,0.8295915915611867,0.025750328435860163,0.17751011573523767,0.6069114470842333,0.2733463035019455,0.37692823608316567,29794,182,747,281,3170160.0,1493.3556960392207
0.3689589320787886,0.8295915915611867,0.025750328435860163,0.20131846465017783,0.6193693693693694,0.26750972762645914,0.3736413043478261,29807,169,753,275,3193020.0,1432.073280866985
0.3689589320787886,0.8295915915611867,0.025750328435860163,0.22858218215705775,0.6329411764705882,0.2616731517509728,0.37026841018582246,29820,156,759,269,3215880.0,1370.790865694749
0.3689589320787886,0.8295915915611867,0.025750328435860163,0.265301846500687,0.6511056511056511,0.25778210116731515,0.3693379790940767,29834,142,763,265,3230160.0,1312.7338407947361
0.3689589320787886,0.8295915915611867,0.025750328435860163,0.2994907843641053,0.6752577319587629,0.25486381322957197,0.3700564971751412,29850,126,766,262,3239880.0,1251.4514256225004
0.3689589320787886,0.8295915915611867,0.025750328435860163,0.3345441287985641,0.6972972972972973,0.2509727626459144,0.36909871244635195,29864,112,770,258,3254160.0,1193.3944007224873
0.3689589320787886,0.8295915915611867,0.025750328435860163,0.40355936783595237,0.717948717948718,0.245136186770428,0.36548223350253806,29877,99,776,252,3277020.0,1132.1119855502516
0.3689589320787886,0.8295915915611867,0.025750328435860163,0.44407313204293786,0.7379518072289156,0.23832684824902725,0.3602941176470588,29889,87,783,245,3304260.0,1070.8295703780157
0.3689589320787886,0.8295915915611867,0.025750328435860163,0.5078630175343362,0.7515923566878981,0.22957198443579765,0.35171385991058124,29898,78,792,236,3340440.0,1012.7725454780028
0.3689589320787886,0.8295915915611867,0.025750328435860163,0.5787097336478579,0.7728813559322034,0.22178988326848248,0.34467120181405897,29909,67,800,228,3372060.0,951.490130305767
0.3689589320787886,0.8295915915611867,0.025750328435860163,0.6352852353717354,0.7906137184115524,0.2130350194552529,0.335632183908046,29918,58,809,219,3408240.0,893.4331054057542
0.3689589320787886,0.8295915915611867,0.025750328435860163,0.7065601326680464,0.7984496124031008,0.20038910505836577,0.3203732503888025,29924,52,822,206,3461760.0,832.1506902335184
0.3689589320787886,0.8295915915611867,0.025750328435860163,0.7524819598659641,0.8284518828451883,0.1926070038910506,0.31254932912391475,29935,41,830,198,3493380.0,770.8682750612825
0.3689589320787886,0.8295915915611867,0.025750328435860163,0.8170384277637648,0.8416289592760181,0.18093385214007782,0.2978382706164932,29941,35,842,186,3542700.0,712.8112501612695
0.3689589320787886,0.8295915915611867,0.025750328435860163,0.8799759526339765,0.8514851485148515,0.16731517509727625,0.27967479674796747,29946,30,856,172,3600600.0,651.5288349890336
0.3689589320787886,0.8295915915611867,0.025750328435860163,0.9172240137111756,0.8579234972677595,0.15272373540856032,0.259289843104872,29950,26,871,157,3662880.0,590.2464198167978
0.3689589320787886,0.8295915915611867,0.025750328435860163,0.9321019517633247,0.8787878787878788,0.14105058365758755,0.24308466051969824,29956,20,883,145,3712200.0,532.189394916785
0.3689589320787886,0.8295915915611867,0.025750328435860163,0.9392099086145839,0.896774193548387,0.13521400778210116,0.23499577345731193,29960,16,889,139,3736680.0,499.93549219455554
