variable,asociacion_point_biserial_abs_train
V257,0.2704941034670058
V244,0.26683243710417026
V242,0.26467387152799265
V246,0.25533577291118215
V201,0.23986773892632957
V200,0.23570913188493378
V45,0.23048292366129494
V233,0.2254236206859494
V188,0.22436140304853
V189,0.21893477549046692
V44,0.2158930979348859
V232,0.21497615749351542
V217,0.2129988689822193
V87,0.20723104554386387
V86,0.20718585415975632
V231,0.20579389692875993
V258,0.19869322673546322
V171,0.19696079600424546
V52,0.1945961478188668
V228,0.19388350233138146
V170,0.18592888490017465
V219,0.18526757976675237
V51,0.17805579895889057
V40,0.1706725745353827
V177,0.16739163774081842
V79,0.16652476056585627
V18,0.16335299732821665
V17,0.1624013062684745
V230,0.16227138512448308
id_17,0.16067672530821234
V39,0.15968129132053627
V43,0.15948859786071476
addr2,0.15760732003250108
V199,0.15649549956015393
V38,0.15573833168196421
V74,0.15501100543353644
V94,0.15482852823258503
V33,0.1544647350330645
V93,0.1538072313708886
V34,0.15285676835193246
V81,0.1526642652204332
V42,0.1501984910884825
V15,0.1481940038134454
V58,0.1471480015081811
card3,0.14664863633768133
V80,0.1463671682404468
V47,0.14625419160894543
V16,0.1455716382052153
V85,0.1452287243846319
V92,0.14518711928242228
V73,0.14261199376769418
V243,0.1420942526261642
V21,0.14187439712830877
V22,0.14012973779209953
V123,0.13987660243151864
V50,0.13888520218571038
V190,0.1388500887911619
V37,0.13823403585735744
V23,0.13737737679953904
V57,0.1372587400210751
V84,0.13706622973982951
V72,0.13696337191565103
V303,0.1368283057613677
V304,0.1366774911923415
V31,0.13653906714388023
V111,0.13643762458586597
V32,0.13467425484173345
V247,0.13322552074529698
id_35,0.13302003143217167
V167,0.13271512086017884
DeviceType,0.13222867878518585
V302,0.13107610557424948
id_38,0.1301338206857625
id_31,0.1299903747874397
id_missing_v7,0.12995107313225066
id_15,0.12965448452075146
V113,0.12943722944432012
V78,0.12937370946778687
id_29,0.12853698189294635
V71,0.12849055249006727
V64,0.128428826772457
id_28,0.1282275587000582
R_emaildomain,0.12782219795446068
V252,0.1278166969663574
V239,0.12772242163616143
missing_count_v7,0.12757115102523978
id_37,0.12625026003000467
V63,0.12592929036091444
V60,0.12580429187037917
id_36,0.12416650385144101
V237,0.12401717722721467
id_12,0.1235022065534154
V185,0.12320596412633546
V_missing_v7,0.12275443986895036
ProductCD,0.12269329267890892
V158,0.12258183428130928
V125,0.12246856581114512
V59,0.12229097815824698
V176,0.12023418882613117
V235,0.11999888301883042
V222,0.1199463984749272
V147,0.11993692145713197
id_01,0.1194659246995766
V77,0.1189248769554244
V112,0.11735915871758998
id_16,0.11709398255810591
V184,0.11595783380400802
V108,0.1152858214271023
V24,0.11513176187162735
V156,0.11438345965059904
V46,0.11341210812896961
V149,0.11302930252295985
id_std_v7,0.11296919519966929
V283,0.11190590771222667
V238,0.11053149944540423
V186,0.10750887497515635
V179,0.10567716153893505
V262,0.10553404084786
V218,0.10437527075119508
M4,0.10331770581670159
V29,0.10330622827057587
V90,0.1030934013931725
V69,0.10288597529366397
id_mean_v7,0.10274646402824326
V282,0.10260330923317841
V114,0.102543071107875
card6,0.10048335086164291
V30,0.10034959221748638
V70,0.09993973636634898
V91,0.09971427882905218
V181,0.09953679385537889
V157,0.09925977795137869
addr1,0.09903541260185189
DeviceInfo,0.0980519179917435
V197,0.0979651471420267
prior_frequency_addr1_v7,0.09523903606026071
V110,0.09479915767325844
V236,0.09423910216519321
V146,0.09400629698310241
V155,0.0932906998211661
V221,0.0923834666296411
V259,0.0923511088187838
V229,0.0922832878950058
D_missing_v7,0.09172002064115939
V140,0.09160639028191599
V48,0.09122549879820566
V148,0.0903949266764475
V101,0.0900864648879634
V49,0.08833240772213877
V95,0.08741811260019688
V198,0.08692486721027734
V124,0.08493577988841836
V116,0.08378037393552358
V67,0.0818207587095089
V62,0.07995218943560682
D_mean_v7,0.0786238253180633
V261,0.07721418655751812
M1,0.07709902770543098
V10,0.07630257962709072
V260,0.07618495053851071
V11,0.07472911882429208
id_02,0.07421841827822302
V249,0.07415372429276748
V83,0.07362871398113857
V183,0.07331168469600699
id_13,0.07270964484448843
V154,0.07246302326551868
V281,0.07170417031794064
V195,0.07135714387448115
V308,0.07132059704261533
V109,0.07078738138239371
D15,0.07024376198440642
V178,0.06991900510220769
V194,0.06952665753342732
V279,0.06879812558922808
D10,0.06759609949588588
D9,0.06651666796598549
prior_frequency_ProductCD_v7,0.06612235054477157
V103,0.06519308233105077
V263,0.06455201813620581
id_06,0.06391811171658551
V139,0.06364451610172887
D1,0.06363034469888074
D2,0.06283981529219787
V153,0.062169916487389856
V97,0.06146391485117852
V318,0.06033729415191888
V273,0.059771089963947796
D14,0.05949102784688207
V115,0.05924810035075928
V293,0.05868995880021538
M8,0.05732285161653933
V276,0.0573196941340118
V128,0.05673439832196707
V220,0.05670480712986388
V61,0.05643983984679178
M6,0.05617168000655278
V312,0.05608778049837271
V278,0.05534916100933012
V169,0.05533767584019307
V56,0.05488271078354329
M7,0.0544760339982114
V226,0.05342581986438391
M3,0.052871005310514294
V248,0.0522292408520345
prior_frequency_card3_v7,0.052118817012970504
V214,0.05198413578591768
M9,0.05196318197516134
V82,0.05159229944732479
D11,0.051331686819499824
V168,0.05089059515059994
D12,0.050834774483668306
amount_cents_v7,0.05080722442927707
V275,0.05037444876528269
V245,0.05000914995797256
V134,0.04994618020497763
V306,0.04988944290552879
D_std_v7,0.04921838570574051
V315,0.04897869891840782
V117,0.04897789016519258
V35,0.04890080603770843
V174,0.04853016362895229
V211,0.04830381197128519
prior_frequency_DeviceInfo_v7,0.047965084029128455
D4,0.047886895465672485
V316,0.04711449820418969
V175,0.047077012012027054
V216,0.0470757132181433
V280,0.04690950619157904
V182,0.04655751646932713
V36,0.04605132528901101
V265,0.045683625816912383
V119,0.04564069114157335
V202,0.04524475309673636
V66,0.044958344170117424
M2,0.04464778712082432
V307,0.042246904688440966
V289,0.04199462861971614
prior_frequency_P_emaildomain_v7,0.04199366310149949
V309,0.04132041904535445
V301,0.04128768478176165
V314,0.040888376942523216
V313,0.04083249851365961
V290,0.04053925677795018
V191,0.03969935995475338
card2,0.0396182311012837
V20,0.03946959205306419
V254,0.03944105775799872
V142,0.039369451110396116
V284,0.039183059208135036
V180,0.039170023315656034
V277,0.03903267999932422
V295,0.038934387917761736
V324,0.03833965265951591
V299,0.03822712860858885
V196,0.03804130425955709
V126,0.037913745825801426
id_09,0.037849997904859364
V102,0.037816450990668916
V141,0.03768562653525112
V131,0.037421330930947204
D5,0.03737726259178395
V132,0.037213388901327214
V5,0.03713474214904256
V296,0.0369470407272612
V133,0.03686346000379265
D6,0.03682062540538896
V317,0.03681471482075394
card5,0.036689656025388644
V118,0.03662397917858688
V127,0.036401820626146886
V106,0.036352262925720046
V288,0.03612816018365924
V298,0.035948864419437
D3,0.035746721647562554
V55,0.03506347739422603
V320,0.03489401215084237
C9,0.03478723881304935
id_32,0.03458094125024881
id_03,0.0343561263940636
hour_sin_v7,0.03415742580044711
C5,0.03401501572090504
V300,0.03386916620585566
P_emaildomain,0.03269048682356119
C2,0.032200102206033906
V19,0.031733764445776275
V215,0.03162616543041918
C12,0.03160585927695694
V213,0.03144021687037634
C8,0.030973211755470666
V274,0.0309590742721089
V12,0.030405656941178683
V271,0.03002994355502432
V120,0.02966501002010234
id_04,0.02945239600986605
V272,0.02880178147090029
V104,0.028713932360704502
id_05,0.028674018624759334
C10,0.02850250401229791
V187,0.02849301419204959
dist2,0.028438310784195977
C7,0.028366493549913253
V322,0.028241971182272247
C4,0.028145626069646733
V4,0.02746746456422626
V13,0.02740961448227271
V136,0.027160270252238047
C1,0.027106696543402985
V330,0.027064123449283294
V105,0.026544623697261082
V287,0.026384639555498975
V98,0.026116250404645793
id_23,0.025864070998481238
id_27,0.02584895232917488
V292,0.0255905908515277
C11,0.025546736702238077
V294,0.025515125793373897
V129,0.02551331714031657
V297,0.02485878239396708
V321,0.024523919357993883
id_11,0.024440261399614478
V328,0.024215193585491544
V122,0.02396228520418948
V75,0.023934909670270458
V323,0.023695447594699645
V150,0.023374762734164795
V327,0.022942197516540988
V210,0.02292873292148593
C_mean_v7,0.022824583809468772
V192,0.022627051444513636
V159,0.022576669380065913
V223,0.02235874145438461
V160,0.022248061832260663
V96,0.02217034421001171
V193,0.02207767386743712
V264,0.021973048911324098
V145,0.021889308082245273
V137,0.02166032789567284
V151,0.02162410041079371
id_33,0.021566571842090813
V165,0.021444270239810936
hours_since_prior_v7,0.021411974231923883
V204,0.021041507710607046
V76,0.020661665868268463
V225,0.020633073244056603
V310,0.020577429477261915
V208,0.020574618910517217
V162,0.020533386478217727
V250,0.020519448982883916
V53,0.02049322524604039
id_21,0.020426881602117225
D8,0.02012268682263657
V335,0.020068357465874192
id_34,0.01960214901653185
V291,0.01959707587782366
V270,0.01944277662031614
id_22,0.019091364896097834
C6,0.019077616878426927
V_std_v7,0.019056240301793936
V212,0.019041785599066167
V3,0.018963692855252283
V329,0.018909987857594526
V163,0.018772024920649787
id_30,0.018752254054196147
V152,0.018739991584693222
V256,0.01848950739753098
V143,0.018303859763339553
C_std_v7,0.01822974121309227
V144,0.017508969064082433
entity_prior_count_v7,0.017499137413486455
V253,0.01748983237730215
V227,0.017487385509978765
V336,0.016882235667076955
V203,0.01655790671519447
prior_frequency_card2_v7,0.01629456764766526
V100,0.01605176264753843
id_18,0.01543460166971352
V161,0.01525205546546259
id_19,0.015175672453440484
V121,0.015134642958382521
id_25,0.015066687714148815
V234,0.014941184744657405
V164,0.014710495307666155
V332,0.014659028297467935
V338,0.0138291471304931
id_26,0.013639130522977397
V54,0.013400397103098611
V26,0.012892319970955564
V339,0.012450787159386668
V333,0.012427384921969703
V286,0.01215370818040221
V_mean_v7,0.011956718828035708
V319,0.011829565088970597
card1,0.011728739898088033
M5,0.01171590862153982
id_08,0.011699906614693327
entity_prior_amt_mean_v7,0.011536543328503415
V173,0.011517886368805215
V326,0.011504900614604054
V135,0.011389943310384914
V99,0.011245210619487331
id_14,0.01107154832175797
V166,0.010924917184716706
V325,0.010444959574032091
V224,0.010121669886932888
V138,0.009738352166152715
V337,0.00951296812752456
V172,0.009282936997965499
V130,0.009258281073740673
V209,0.009080089641918181
id_24,0.009034990535900091
TransactionAmt,0.009013940297788299
V311,0.008723003317501667
amount_to_prior_mean_v7,0.008708889378903411
weekday_sin_v7,0.008701380188496212
V9,0.008603096230918315
V6,0.008489865074549883
C14,0.008404642790729673
C13,0.007809005730371662
card4,0.007569867055491207
prior_frequency_card5_v7,0.007215812776872021
C3,0.007201592113782075
V285,0.006710697182618105
D13,0.006554005868377418
V240,0.006298832237765969
V331,0.006074242373686543
V251,0.005765476036261546
dist1,0.00564323642902524
id_07,0.005558408007586624
V255,0.005510437541483715
id_10,0.005164660583469002
V268,0.0049761318159754625
V25,0.004958572165431419
V89,0.0047267652708520005
V28,0.004709589224240274
V27,0.004676924315970087
hour_cos_v7,0.004636833997762379
V205,0.003989103432719526
V41,0.003717675189702688
V207,0.003502019748860013
V68,0.0034650070485755377
D7,0.0032661825761220657
V14,0.0032313554491748588
V7,0.0026316260094527057
amount_log1p_v7,0.0026082188764356877
V266,0.002586656164183416
V206,0.002582615638460859
V8,0.0025390509205845202
V334,0.0023964079637430083
id_20,0.002050632600274171
weekday_cos_v7,0.001999981136104939
V267,0.001582851301270616
V2,0.0014298628826377806
V241,0.00110820721875127
V65,0.0008637096368522888
V1,0.000783614309029196
V269,0.0007305386603932865
prior_frequency_card1_v7,0.00028810202797414507
V88,5.247437191009141e-05
V305,0.0
