variable,tipo,ausencia,unicos,varianza,pearson,spearman,decision,informacion_mutua,puntaje_relevancia
TransactionAmt,float64,0.0,13670,56602.418195934944,0.0014139475523068468,-0.0010586280551795671,candidata,0.0,0.0014139475523068468
dist1,float64,0.619959543961305,2532,158694.960622638,0.028015054706854736,0.017310001378373383,candidata,0.0,0.028015054706854736
dist2,float64,0.9206673706961579,1527,279375.3241394022,-0.0076413884558915336,-0.0034321827607156864,candidata,0.0,0.0076413884558915336
C1,float64,0.0,1529,30195.397043036854,0.026732523577415287,0.08736649445028133,candidata,0.0,0.08736649445028133
C2,float64,0.0,983,40766.654924114766,0.030591345945223714,0.09973192851366476,candidata,0.0,0.09973192851366476
C3,float64,0.0,18,0.021291709075367458,-0.007362921052675994,-0.012591108502266782,candidata,0.0,0.012591108502266782
C4,float64,0.0,1188,7727.253611648895,0.026506627954186877,0.14632864266508339,excluida_redundante_con_V93,0.01734355175240232,0.15066453060318397
C5,float64,0.0,297,587.7852965569076,-0.029762749123767644,-0.10302409178545023,candidata,0.0,0.10302409178545023
C6,float64,0.0,1273,8084.726887956453,0.019698239867040567,0.06507021702956008,candidata,0.0,0.06507021702956008
C7,float64,0.0,1086,6908.841189230635,0.027917269040981088,0.15674452358351634,excluida_redundante_con_V79,0.015616256067140899,0.16064858760030157
C8,float64,0.0,1196,16251.293932546912,0.029046471981334778,0.138397720232021,candidata,0.015903578837599852,0.14237361494142095
C9,float64,0.0,203,255.63447910800443,-0.02994358708524679,-0.0777912800970799,candidata,0.0,0.0777912800970799
C10,float64,0.0,1108,16355.570374821253,0.027457235596093577,0.13541210683586238,candidata,0.01606460728571446,0.139428258657291
C11,float64,0.0,1386,14850.765743753713,0.02490498219913942,0.08906468530654127,candidata,0.0,0.08906468530654127
C12,float64,0.0,1167,13609.631333899006,0.030215653815209843,0.16056932468177534,candidata,0.015152374383382128,0.16435741827762088
C13,float64,0.0,1571,21419.49186505969,-0.0017803622947387325,-0.06475000074536795,candidata,0.0,0.06475000074536795
C14,float64,0.0,1076,3652.9335147700976,0.010981332063093723,-0.05579512666332867,candidata,0.0,0.05579512666332867
D1,float64,1.2315384686434911e-05,637,21804.986673655392,-0.05830543836794499,-0.04872108842930307,candidata,0.0,0.05830543836794499
D2,float64,0.508773172165999,637,28401.182836737193,-0.08073133663157821,-0.10410281471827688,candidata,0.0,0.10410281471827688
D3,float64,0.4841947431780466,574,3799.1802371786807,-0.04471639896151724,-0.11668908373780405,candidata,0.003463001172133273,0.11755483403083737
D4,float64,0.3208465595433455,709,31803.94134502992,-0.06359538268378502,-0.05044121691851723,candidata,0.0,0.06359538268378502
D5,float64,0.5583856993753021,607,7523.088983114876,-0.06915244095732795,-0.17002942329978116,excluida_redundante_con_D7,0.00722680727427516,0.17183612511834995
D6,float64,0.8719754184921659,722,17842.410171151623,-0.033199227542739455,0.05003125137600146,candidata,0.0,0.05003125137600146
D7,float64,0.9355381977050281,516,10692.40481682141,-0.1359505504583142,-0.1982572817571327,candidata,0.0009282802232051246,0.19848935181293398
D8,float64,0.8541889241587822,10153,58236.87583626903,-0.12843392658180053,-0.1840932065714418,candidata,0.01501558115852153,0.18784710186107217
D9,float64,0.8541889241587822,24,0.10100304859984313,-0.045828654778345794,-0.029399722470087996,candidata,0.0,0.045828654778345794
D10,float64,0.17184579906834116,729,29112.880758533916,-0.06846032806763408,-0.07744022909448559,candidata,0.0,0.07744022909448559
D11,float64,0.6110616785253559,583,28006.722091268894,-0.04110957898856501,-0.02806188996251216,candidata,0.0,0.04110957898856501
D12,float64,0.8860334301117313,554,13071.44186457216,-0.013511028190211842,0.07534540470456239,candidata,0.0,0.07534540470456239
D13,float64,0.8974713436392577,470,4320.475713427609,-0.04692761368050952,0.005789427836457657,candidata,0.0,0.04692761368050952
D14,float64,0.8928592320741878,720,15587.587256396482,0.014281076975974713,0.09791262271382317,candidata,0.0,0.09791262271382317
D15,float64,0.1856513453018347,768,35554.02271211243,-0.07477583087333832,-0.07267889306127842,candidata,0.0,0.07477583087333832
V1,float64,0.6110616785253559,2,3.9578880659650116e-05,0.0011084327468260297,0.001108432746826024,candidata,0.0,0.0011084327468260297
V2,float64,0.6110616785253559,7,0.043693185529776246,0.020131634012087247,0.019191934676222024,candidata,0.0,0.020131634012087247
V3,float64,0.6110616785253559,7,0.08211389134428106,0.05988864763792478,0.04917397812001337,candidata,0.0,0.05988864763792478
V4,float64,0.6110616785253559,6,0.19231664499427834,0.024885083362492014,0.022288803460118772,candidata,0.0,0.024885083362492014
V5,float64,0.6110616785253559,7,0.22516046936182904,0.06085899490162067,0.041752578649940815,candidata,0.0,0.06085899490162067
V6,float64,0.6110616785253559,7,0.0460356201654292,0.01169239898693218,0.00919104729339291,candidata,0.0,0.01169239898693218
V7,float64,0.6110616785253559,8,0.07640875215347497,0.02255847025856161,0.018224400268757077,candidata,0.0,0.02255847025856161
V8,float64,0.6110616785253559,7,0.025653316207853515,0.007238071296907267,0.004851816289584194,candidata,0.0,0.007238071296907267
V9,float64,0.6110616785253559,7,0.04142876911103619,0.039404667784404365,0.03892573726050966,candidata,0.0,0.039404667784404365
V10,float64,0.6110616785253559,5,0.26676809900672616,-0.08022018942550403,-0.08251131201292433,candidata,0.0,0.08251131201292433
V11,float64,0.6110616785253559,5,0.29685249845299083,-0.07874992706492083,-0.08239297687076201,candidata,0.0,0.08239297687076201
V12,float64,0.17191661253028814,4,0.2612272178419243,-0.03840487816773842,-0.044543597152031864,candidata,0.0,0.044543597152031864
V13,float64,0.17191661253028814,6,0.28531440302600797,-0.030369428379378356,-0.04272516183026906,candidata,0.0,0.04272516183026906
V14,float64,0.17191661253028814,2,0.0003568056520138359,0.0033965610234515725,0.003396561023451612,candidata,0.0,0.003396561023451612
V15,float64,0.17191661253028814,8,0.11952621351204297,0.1661076768279485,0.16406735224363467,excluida_redundante_con_V79,0.008168572598120205,0.16814981997747855
V16,float64,0.17191661253028814,15,0.13180129412987948,0.1615924896477719,0.16406183400459953,excluida_redundante_con_V79,0.00793291700807397,0.16604506325661803
V17,float64,0.17191661253028814,16,0.13890861905635676,0.1729791926854184,0.15473833146557525,candidata,0.007249649824786486,0.17479160514161501
V18,float64,0.17191661253028814,16,0.14699344397535863,0.17248990039006334,0.15479759680172572,excluida_redundante_con_V17,0.006799871749307185,0.17418986832739014
V19,float64,0.17191661253028814,8,0.18507021785302985,0.03077405365220706,0.025961977545667283,candidata,0.0,0.03077405365220706
V20,float64,0.17191661253028814,15,0.22283460389546828,0.04253956332019006,0.03138192280073083,candidata,0.0,0.04253956332019006
V21,float64,0.17191661253028814,6,0.11936691980028667,0.15246029622923274,0.15249944560794249,excluida_redundante_con_V17,0.005388563063633223,0.1538465863738508
V22,float64,0.17191661253028814,9,0.13061033211224385,0.14985214159381516,0.15244925767777734,excluida_redundante_con_V17,0.0066787661611655835,0.15411894921806873
V23,float64,0.17191661253028814,14,0.06357401317723302,0.16759281342001625,0.09889476649579854,candidata,0.021001798437228603,0.1728432630293234
V24,float64,0.17191661253028814,14,0.09821097147967733,0.13868151548101362,0.0763278258187448,candidata,0.013091802597927416,0.14195446613049548
V25,float64,0.17191661253028814,7,0.029300365981896986,0.012402716041715518,0.006416761553286057,candidata,0.0,0.012402716041715518
V26,float64,0.17191661253028814,13,0.04314302046579868,0.02243301788570538,0.017734172322513,candidata,0.0,0.02243301788570538
V27,float64,0.17191661253028814,4,0.0008842029003960664,-0.005157174489224433,-0.0051571744892244375,candidata,0.0,0.0051571744892244375
V28,float64,0.17191661253028814,4,0.0009139223279120115,-0.005160590311990971,-0.005205639013221533,candidata,0.0,0.005205639013221533
V29,float64,0.17191661253028814,5,0.2603501000865349,-0.11128836429234736,-0.11387342661933461,candidata,0.0,0.11387342661933461
V30,float64,0.17191661253028814,8,0.305436552202696,-0.10789737735278916,-0.11422775543421176,candidata,0.0,0.11422775543421176
V31,float64,0.17191661253028814,8,0.13680606317481053,0.15163681922518774,0.1515366289985893,excluida_redundante_con_V93,0.006841321375781195,0.15334714956913303
V32,float64,0.17191661253028814,15,0.1518949193944565,0.1480557021824517,0.15164934295640034,excluida_redundante_con_V93,0.006851896057346041,0.15336231697073685
V33,float64,0.17191661253028814,7,0.12176354814143704,0.1738584750856435,0.17103012809206125,candidata,0.0065955636659082995,0.17550736600212058
V34,float64,0.17191661253028814,13,0.1342588074404729,0.17131384512257106,0.17227293513942013,excluida_redundante_con_V52,0.007578358474182201,0.17416752475796568
V35,float64,0.3209019787744345,4,0.26618144639020525,-0.06133670340520714,-0.06346420850889531,candidata,0.0,0.06346420850889531
V36,float64,0.3209019787744345,5,0.29139862969138575,-0.05178787751815196,-0.0589222582653586,candidata,0.0,0.0589222582653586
V37,float64,0.3209019787744345,55,0.5996906407418856,0.15639123891428697,0.14852257429365504,candidata,0.013981104170910585,0.1598865149570146
V38,float64,0.3209019787744345,55,0.8037424452811776,0.18791672262756334,0.16152532143511758,candidata,0.017843232695772482,0.19237753080150646
V39,float64,0.3209019787744345,15,0.2257465795681463,0.17676897191613208,0.1677457868498128,excluida_redundante_con_V40,0.007639920296506286,0.17867895199025866
V40,float64,0.3209019787744345,15,0.270181845959515,0.19186977783613315,0.17069994895513946,candidata,0.00720320084697379,0.1936705780478766
V41,float64,0.3209019787744345,2,0.0005165802820996092,0.004411826550673061,0.004411826550673092,candidata,0.0,0.004411826550673092
V42,float64,0.3209019787744345,9,0.1587834619685649,0.16772947748318162,0.16302427223666202,excluida_redundante_con_V40,0.006379690022510154,0.16932439998880916
V43,float64,0.3209019787744345,9,0.19706117814673726,0.18109112718073533,0.16533745556819793,excluida_redundante_con_V40,0.0068069875440710526,0.1827928740667531
V44,float64,0.3209019787744345,49,0.5031059309631578,0.25515292071176476,0.1848105545931436,candidata,0.01858602908867857,0.2597994279839344
V45,float64,0.3209019787744345,49,0.6099247427695487,0.2859786305838249,0.17705866115549238,candidata,0.019880508007444453,0.290948757585686
V46,float64,0.3209019787744345,7,0.031495671561292855,0.12148408714018287,0.09421481313901638,candidata,0.0119607058441491,0.12447426360122014
V47,float64,0.3209019787744345,8,0.055762969517751754,0.17807004536849574,0.13712788817751795,candidata,0.015050584432485303,0.18183269147661707
V48,float64,0.3209019787744345,5,0.2550973654869698,-0.11277739843154598,-0.11541729518368875,candidata,0.007169314334984911,0.11720962376743498
V49,float64,0.3209019787744345,6,0.29054282291652145,-0.10849088208999652,-0.11498754825614646,candidata,0.0,0.11498754825614646
V50,float64,0.3209019787744345,6,0.1543924904138454,0.15973262081223488,0.1608290905666634,excluida_redundante_con_V93,0.006692403505640154,0.16250219144307343
V51,float64,0.3209019787744345,7,0.17327944407703477,0.20677709666631822,0.18271046051460807,excluida_redundante_con_V52,0.009255358833198946,0.20909093637461795
V52,float64,0.3209019787744345,8,0.19737549400308696,0.23169540614100606,0.18889352519391484,candidata,0.008764986692218146,0.2338866528140606
V53,float64,0.17449976446826787,6,0.2623372330331655,-0.0353327081313651,-0.04175448989466888,candidata,0.0,0.04175448989466888
V54,float64,0.17449976446826787,7,0.2881949756487455,-0.02082399320377678,-0.035889432678180844,candidata,0.0,0.035889432678180844
V55,float64,0.17449976446826787,15,0.1558038736551198,0.041858022199701535,0.06708562850650875,candidata,0.0,0.06708562850650875
V56,float64,0.17449976446826787,18,0.28256145214537826,0.06436332397131263,0.08765557700177289,candidata,0.0,0.08765557700177289
V57,float64,0.17449976446826787,7,0.129903632233297,0.1563535952025205,0.15117057465912925,excluida_redundante_con_V79,0.007760991912708182,0.15829384318069756
V58,float64,0.17449976446826787,8,0.13735996058844052,0.16897287469243608,0.15393371993353339,excluida_redundante_con_V79,0.005922144065308554,0.17045341070876321
V59,float64,0.17449976446826787,12,0.1485550324083637,0.13540392919381744,0.14395170895305034,excluida_redundante_con_V60,0.004082144465229032,0.1449722450693576
V60,float64,0.17449976446826787,12,0.17282304140174737,0.13782319197119167,0.14626729368903882,candidata,0.005673162349582261,0.14768558427643438
V61,float64,0.17449976446826787,7,0.1877426804531374,0.05630840135129993,0.04839797302457041,candidata,0.0,0.05630840135129993
V62,float64,0.17449976446826787,8,0.2278155268805208,0.0878851741411109,0.06265472172805535,candidata,0.0,0.0878851741411109
V63,float64,0.17449976446826787,8,0.1307325135078039,0.14169357428288776,0.14245517414447356,excluida_redundante_con_V60,0.006481771631546396,0.14407561705236016
V64,float64,0.17449976446826787,8,0.15828935816243797,0.14194828782781016,0.14444929233309176,excluida_redundante_con_V60,0.005314211437466687,0.14577784519245843
V65,float64,0.17449976446826787,2,0.00019763434649448466,-0.0030715442927043628,-0.0030715442927043333,candidata,0.0,0.0030715442927043628
V66,float64,0.17449976446826787,6,0.03754603031728677,0.03844104149987714,0.033767824244710705,candidata,0.0,0.03844104149987714
V67,float64,0.17449976446826787,9,0.05265770394012051,0.08890824670654646,0.07604429609711685,candidata,0.0,0.08890824670654646
V68,float64,0.17449976446826787,3,0.0005516971877574894,-0.004580248866903455,-0.0045802488669034625,candidata,0.0,0.0045802488669034625
V69,float64,0.17449976446826787,5,0.26320951978735013,-0.11049174002839428,-0.11362319084288763,candidata,0.0,0.11362319084288763
V70,float64,0.17449976446826787,6,0.30425195461245885,-0.10725955352679131,-0.11373216392793452,candidata,0.0,0.11373216392793452
V71,float64,0.17449976446826787,7,0.14032949531161046,0.1469567289774015,0.14259099860898397,excluida_redundante_con_V93,0.004538550825096577,0.14809136668367565
V72,float64,0.17449976446826787,8,0.1502039929262095,0.15796148418878098,0.14536095897115042,excluida_redundante_con_V93,0.005718676419031565,0.15939115329353887
V73,float64,0.17449976446826787,6,0.14076134423461645,0.16085971442273334,0.1565916499632209,candidata,0.006639796780593787,0.16251966361788178
V74,float64,0.17449976446826787,9,0.15831437167431903,0.17626600997527891,0.162472320258158,excluida_redundante_con_V52,0.005201355196758017,0.17756634877446842
V75,float64,0.18568213376355078,5,0.2641952471275786,-0.03463346622724554,-0.04057662710068832,candidata,0.0,0.04057662710068832
V76,float64,0.18568213376355078,7,0.29251506382877723,-0.026868805100445182,-0.03938761449022066,candidata,0.0,0.03938761449022066
V77,float64,0.18568213376355078,31,0.31055007705002025,0.1405973633741909,0.12410894240652641,candidata,0.010984921766276745,0.1433435938157601
V78,float64,0.18568213376355078,31,0.474422011592895,0.15013831052994975,0.12403941601057082,candidata,0.013629984292296005,0.15354580660302375
V79,float64,0.18568213376355078,8,0.1393296374368606,0.18710465627091302,0.17202138512302598,candidata,0.009644931570549353,0.18951588916355036
V80,float64,0.18568213376355078,20,0.17984603182277717,0.16169804574191152,0.15547089946896117,excluida_redundante_con_V17,0.005368138252206833,0.16304008030496323
V81,float64,0.18568213376355078,20,0.20926100945580253,0.16621191985349917,0.15724148851348993,excluida_redundante_con_V17,0.006022291695654491,0.1677174927774128
V82,float64,0.18568213376355078,8,0.18231442548729432,0.05264456470208458,0.04691660708010551,candidata,0.0,0.05264456470208458
V83,float64,0.18568213376355078,8,0.2199765225458599,0.07878872647515951,0.05898335278600767,candidata,0.0,0.07878872647515951
V84,float64,0.18568213376355078,8,0.13984781279148978,0.14937594766454962,0.1525173090568969,excluida_redundante_con_V85,0.005599592903858364,0.15391720728286148
V85,float64,0.18568213376355078,8,0.17031593700085595,0.15663984280842122,0.15442917472218395,candidata,0.007187883766210934,0.15843681374997395
V86,float64,0.18568213376355078,31,0.19231184977334956,0.2606511157619064,0.17158453933232268,candidata,0.021650795737093054,0.2660638146961797
V87,float64,0.18568213376355078,31,0.2599253235752272,0.26349213511253117,0.15533853858603194,candidata,0.023375121536054477,0.2693359154965448
V88,float64,0.18568213376355078,2,0.0005819202169325427,0.0012165037460630142,0.0012165037460630408,candidata,0.0,0.0012165037460630408
V89,float64,0.18568213376355078,3,0.0009179431570917364,-0.005405927891796514,-0.005450047202635819,candidata,0.0,0.005450047202635819
V90,float64,0.18568213376355078,5,0.2644369914680681,-0.11252918831080946,-0.11613139881912478,candidata,0.009294868672717005,0.11845511598730403
V91,float64,0.18568213376355078,7,0.31225986204487893,-0.10863610846180782,-0.11603722920252822,candidata,0.008232186777470618,0.11809527589689588
V92,float64,0.18568213376355078,8,0.15182045394445723,0.1631529953428228,0.1569779515011824,excluida_redundante_con_V93,0.00845930937203887,0.1652678226858325
V93,float64,0.18568213376355078,8,0.16077268430708067,0.17095365746421473,0.15825752857221329,candidata,0.00660987156758952,0.1726061253561121
V94,float64,0.18568213376355078,2,0.12297013472411149,0.17463302799771485,0.17463302799771496,excluida_redundante_con_V52,0.007444725277659048,0.17649420931712972
V95,float64,0.0,28,0.6368411038878388,0.0929057158076811,0.09317751781790265,candidata,0.0,0.09317751781790265
V96,float64,0.0,127,22.291060540379455,0.030673253016906165,0.033232218130209656,candidata,0.0,0.033232218130209656
V97,float64,0.0,49,3.036586524434541,0.06732283169876423,0.07572522567153282,candidata,0.0,0.07572522567153282
V98,float64,0.0,13,0.0770307059373469,0.03048152555234941,0.030716750330606207,candidata,0.0,0.030716750330606207
V99,float64,0.0,89,6.1448314109076385,-0.008446243126999485,-0.02010415174368847,candidata,0.0,0.02010415174368847
V100,float64,0.0,26,0.6511350977727927,0.019658560095775428,0.01900647817511968,candidata,0.0,0.019658560095775428
V101,float64,0.0,23,0.33069445262013386,0.09647213866740106,0.11321605491288353,candidata,0.0,0.11321605491288353
V102,float64,0.0,116,9.563461322436593,0.04227700966514205,0.11692850521043922,candidata,0.005460521420209474,0.11829363556549159
V103,float64,0.0,46,1.4446450721067094,0.06860733157954152,0.12305930627716154,candidata,0.005201010392666516,0.12435955887532817
V104,float64,0.0,16,0.12627600878314524,0.02865060015202404,0.021871531636116118,candidata,0.0,0.02865060015202404
V105,float64,0.0,39,0.6864975295003924,0.04060018143267344,0.024252593291233814,candidata,0.0,0.04060018143267344
V106,float64,0.0,24,0.24434926655850603,0.03595768587603969,0.025208498773974575,candidata,0.0,0.03595768587603969
V107,float64,0.0,1,0.0,0.0,0.0,excluida_constante,0.0,0.0
V108,float64,0.0,8,0.005338893832780685,0.09702735324715381,0.08975051871163774,candidata,0.0,0.09702735324715381
V109,float64,0.0,8,0.012943514237433802,0.06330434962928175,0.05464938342859538,candidata,0.0,0.06330434962928175
V110,float64,0.0,8,0.007598712985393995,0.08105089468041066,0.07145320775419427,candidata,0.0,0.08105089468041066
V111,float64,0.0,10,0.004389364842245028,0.12011835618995409,0.1266708266926795,candidata,0.011199127124958963,0.12947060847391925
V112,float64,0.0,10,0.006266091036217314,0.10539708772260255,0.10076203657856259,candidata,0.0,0.10539708772260255
V113,float64,0.0,10,0.005007600539518215,0.11341616696980822,0.11380033081282627,candidata,0.0,0.11380033081282627
V114,float64,0.0,7,0.009269522804823948,0.07725578128348005,0.07411286167710204,candidata,0.0,0.07725578128348005
V115,float64,0.0,7,0.02696430108668027,0.04418488244166494,0.042286983888607625,candidata,0.0,0.04418488244166494
V116,float64,0.0,7,0.014149475672771883,0.06289036889644778,0.05913522372650168,candidata,0.0,0.06289036889644778
V117,float64,0.0,4,0.0006953625778805592,0.04460352744415224,0.04460352744415229,candidata,0.0,0.04460352744415229
V118,float64,0.0,4,0.0012269993327739298,0.03682892200141273,0.036828922001412905,candidata,0.0,0.036828922001412905
V119,float64,0.0,4,0.0008921035744996323,0.042320888488784805,0.04232088848878482,candidata,0.0,0.04232088848878482
V120,float64,0.0,4,0.001131830968710079,0.02067068647626507,0.020670686476264896,candidata,0.0,0.02067068647626507
V121,float64,0.0,4,0.0032747873219172914,0.008783672131951269,0.008882364141565933,candidata,0.0,0.008882364141565933
V122,float64,0.0,4,0.001663028224274945,0.01666115618008608,0.01666115618008608,candidata,0.0,0.01666115618008608
V123,float64,0.0,14,0.04917298393465889,0.15301413139419087,0.0943256584154035,candidata,0.019361495351973845,0.15785450523218433
V124,float64,0.0,14,0.11245062437428498,0.09812636840226138,0.05039771965614534,candidata,0.0,0.09812636840226138
V125,float64,0.0,14,0.06504318208134015,0.1356821251523541,0.0769020236537878,candidata,0.012323073875189827,0.13876289362115155
V126,float64,0.0,5850,125113.34316080068,0.03363974010936173,0.09192860829629777,candidata,0.0,0.09192860829629777
V127,float64,0.0,15685,544807.7498985697,0.03830491616410651,0.034261996265877115,candidata,0.0,0.03830491616410651
V128,float64,0.0,8827,195983.78610382098,0.050752087819926066,0.07452464336336592,candidata,0.0,0.07452464336336592
V129,float64,0.0,1415,17685.10413147851,0.02252572567663478,0.031303567855868464,candidata,0.0,0.031303567855868464
V130,float64,0.0,8527,77955.52997337346,0.005735985461208581,-0.016340236052214196,candidata,0.0,0.016340236052214196
V131,float64,0.0,3115,26463.642649211724,0.03482416583654934,0.020694840173409834,candidata,0.0,0.03482416583654934
V132,float64,0.0,3448,55878.256936669226,0.04080535316388886,0.11239912580646265,candidata,0.0,0.11239912580646265
V133,float64,0.0,6005,284157.20987721183,0.041011609752676474,0.11586774204761058,candidata,0.006256254197605671,0.117431805597012
V134,float64,0.0,4721,96367.39861072601,0.05111923570941377,0.1222151647949061,candidata,0.0050131759213218885,0.12346845877523657
V135,float64,0.0,2286,32407.22106542801,0.006506546652311458,0.021787934739354767,candidata,0.0,0.021787934739354767
V136,float64,0.0,3003,42963.299539941945,0.025190881760290544,0.02426664760156798,candidata,0.0,0.025190881760290544
V137,float64,0.0,2593,36043.51236872804,0.012452425096527102,0.025144793188469246,candidata,0.0,0.025144793188469246
V138,float64,0.8182156854897059,23,0.22402119882379012,0.03842712494275789,0.07176351267675417,candidata,0.0,0.07176351267675417
V139,float64,0.8182156854897059,34,1.8500932379039143,0.1406469455765556,0.1274127848598725,excluida_redundante_con_V140,0.010217519781345663,0.14320132552189202
V140,float64,0.8182156854897059,34,2.227249221700969,0.19903952206456144,0.14657606989931624,candidata,0.011891922544227995,0.20201250270061843
V141,float64,0.8182156854897059,6,0.04632588222811911,0.1216838182479724,0.11812313694604404,candidata,0.0014011484605795932,0.1220341053631173
V142,float64,0.8182156854897059,10,0.08674136552627969,0.11654132515662206,0.1205899422828611,candidata,0.0011808503609751497,0.12088515487310489
V143,float64,0.8182156854897059,55,82.00549126325696,-0.057085334590648316,0.023383817079717144,candidata,0.0,0.057085334590648316
V144,float64,0.8182156854897059,63,145.56780917022357,-0.05315666899730985,0.03963399711217373,candidata,0.0,0.05315666899730985
V145,float64,0.8182156854897059,255,5528.245761543242,-0.06181743222630238,0.059807344171902706,candidata,0.0,0.06181743222630238
V146,float64,0.8182156854897059,18,0.3905529914992613,0.18360993111946075,0.1878211927307087,excluida_redundante_con_V147,0.0022680503356129478,0.18838820531461195
V147,float64,0.8182156854897059,18,0.5025965293639494,0.23928271447881774,0.21171455715325793,candidata,0.0024316278639509026,0.23989062144480547
V148,float64,0.8182156854897059,16,0.28315880069799065,0.22446803946561264,0.12181721255903039,excluida_redundante_con_V156,0.02084763143606394,0.22967994732462862
V149,float64,0.8182156854897059,16,0.3397694399985059,0.2755878928233157,0.14315152577620985,excluida_redundante_con_V156,0.02241270955545671,0.28119107021217987
V150,float64,0.8182156854897059,1985,915559.4326843908,-0.06663299684680511,0.09537382023584837,candidata,0.0,0.09537382023584837
V151,float64,0.8182156854897059,56,306.80637274414795,-0.06391659959847912,0.03384293312546051,candidata,0.0,0.06391659959847912
V152,float64,0.8182156854897059,27,568.1099773911992,-0.058027559222981806,0.07493399240089083,candidata,0.0,0.07493399240089083
V153,float64,0.8182156854897059,8,0.23002270173220732,0.1722355182769876,0.11045800750076333,excluida_redundante_con_V156,0.01919088791514456,0.17703324025577374
V154,float64,0.8182156854897059,9,0.2417122512288887,0.20643492270092356,0.12217591951949537,excluida_redundante_con_V156,0.021642765740350622,0.21184561413601122
V155,float64,0.8182156854897059,15,0.2881082616329762,0.23631549120261094,0.12856067429782128,excluida_redundante_con_V156,0.02142221674459055,0.24167104538875858
V156,float64,0.8182156854897059,17,0.34464976070456727,0.28719623799359917,0.14989118707217222,candidata,0.013930049082357288,0.2906787502641885
V157,float64,0.8182156854897059,16,0.3852156988138169,0.22783852080788553,0.1286345682296353,excluida_redundante_con_V158,0.011764354732179738,0.23077960949093046
V158,float64,0.8182156854897059,17,0.4589877665667226,0.27565034526323906,0.1508333890931089,candidata,0.012775335800024656,0.2788441792132452
V159,float64,0.8182156854897059,6283,93097127.66724592,-0.065805137335288,-0.05160242121524653,candidata,0.0,0.065805137335288
V160,float64,0.8182156854897059,8494,26879781749.07769,-0.06136340459025519,-0.0068877294736988705,candidata,0.0,0.06136340459025519
V161,float64,0.8182156854897059,63,4623.108031822016,0.05298007640201373,0.11871586844838451,candidata,0.0,0.11871586844838451
V162,float64,0.8182156854897059,125,5744.480615776148,0.05786105560341527,0.12103422827750232,candidata,0.0008274628310331877,0.12124109398526062
V163,float64,0.8182156854897059,86,5245.029005851593,0.05775801013674827,0.12137072058929055,candidata,0.0020692364623837722,0.12188802970488649
V164,float64,0.8182156854897059,671,714329.0773913196,-0.04760334222595758,0.026967851104446664,candidata,0.0,0.04760334222595758
V165,float64,0.8182156854897059,1060,20702735.02497754,-0.06107746280707779,0.04452094377302053,candidata,0.0,0.06107746280707779
V166,float64,0.8182156854897059,863,1362409.3009298316,-0.03772617045513912,0.042215900649986864,candidata,0.0,0.042215900649986864
V167,float64,0.7231409157104284,59,6.352716003683835,0.14225688594978136,0.21604732164293602,candidata,0.008546437125362516,0.21818393092427665
V168,float64,0.7231409157104284,213,90.65980629345643,0.036061106641833936,0.2291566468366816,candidata,0.010562403901474227,0.23179724781205016
V169,float64,0.7231747830183161,20,0.7291395458449861,0.04979602481320728,0.028688636223621968,candidata,0.0,0.04979602481320728
V170,float64,0.7231747830183161,49,2.5284470249766393,0.24526257656927292,0.1892401216406647,candidata,0.022186136548084434,0.250809110706294
V171,float64,0.7231747830183161,49,3.288347609763587,0.27021820864163193,0.1986516643284806,candidata,0.02483319747567614,0.27642650801055096
V172,float64,0.7231409157104284,32,1.2490256090862895,-0.014332568538027122,0.000850176167423604,candidata,0.0,0.014332568538027122
V173,float64,0.7231409157104284,8,0.0754847541925373,-0.015349188514957137,-0.014631581652067948,candidata,0.0,0.015349188514957137
V174,float64,0.7231747830183161,9,0.12959701833311096,0.03328044695126458,0.03641196198748366,candidata,0.0,0.03641196198748366
V175,float64,0.7231747830183161,15,0.26444408421425486,0.0475974003153755,0.03692047877463707,candidata,0.0,0.0475974003153755
V176,float64,0.7231409157104284,48,3.9308914210357484,0.12300592925431258,0.2295641500031262,candidata,0.015933975519946575,0.23354764388311283
V177,float64,0.7231409157104284,48,2.2312077280460034,0.21673209353917552,0.2431222853951197,candidata,0.009074797953732894,0.24539098488355293
V178,float64,0.7231409157104284,127,49.32767322437958,0.06097281526216411,0.25603163092991194,candidata,0.010898690465528382,0.25875630354629403
V179,float64,0.7231409157104284,69,11.003336223986082,0.1078502281812623,0.25745095730804735,candidata,0.010484321741646152,0.2600720377434589
V180,float64,0.7231747830183161,67,12.538006736870322,0.02976300550276902,0.11034454564797973,candidata,0.0,0.11034454564797973
V181,float64,0.7231409157104284,17,0.415841743552722,0.09412780212510567,0.09923277283101525,candidata,0.0,0.09923277283101525
V182,float64,0.7231409157104284,50,7.270512327440834,0.034397192800516244,0.11133436086298627,candidata,0.0,0.11133436086298627
V183,float64,0.7231409157104284,30,1.431319545327424,0.0547068430472312,0.11188971295902844,candidata,0.0,0.11188971295902844
V184,float64,0.7231747830183161,17,0.283694069708457,0.11216894185137659,0.11398407141269148,candidata,0.0,0.11398407141269148
V185,float64,0.7231747830183161,17,0.34978326356618383,0.12960500576633271,0.11574763184565956,candidata,0.0035416808312525028,0.13049042597414584
V186,float64,0.7231409157104284,38,2.021477693435605,0.10037277235663017,0.3288800355788357,candidata,0.02355525741754083,0.3347688499332209
V187,float64,0.7231409157104284,210,144.10592324457863,0.01390799254294877,0.3504906012767954,candidata,0.01637129242487756,0.35458342438301477
V188,float64,0.7231747830183161,18,0.2799964056555857,0.3174397459028044,0.22922535120615806,candidata,0.021115241430037957,0.32271855626031387
V189,float64,0.7231747830183161,18,0.3879631974330056,0.32796199593996955,0.24505033420718067,candidata,0.024736570813334247,0.3341461386433031
V190,float64,0.7231409157104284,42,2.7165803179820327,0.14880947310432086,0.3286025534085182,candidata,0.026561157621851628,0.3352428428139811
V191,float64,0.7231409157104284,21,0.6539834356917757,0.029094020634856645,0.1646561596202658,candidata,0.018511136510561244,0.16928394374790612
V192,float64,0.7231409157104284,44,9.68105304983216,0.012350619204175276,0.19377919420079293,candidata,0.015589335075068655,0.1976765279695601
V193,float64,0.7231409157104284,37,4.24553290535297,0.01010067620765874,0.18314598273329305,candidata,0.013149516817586138,0.18643336193768958
V194,float64,0.7231747830183161,8,0.07896542231113934,0.1331586778865686,0.09447535693369283,candidata,0.016235374784125067,0.13721752158259987
V195,float64,0.7231747830183161,9,0.09931282710094519,0.14448176532171783,0.10295049041660959,candidata,0.01659300880487624,0.1486300175229369
V196,float64,0.7231409157104284,38,1.8177886894542,0.025333483968470395,0.18419819677240312,candidata,0.017335559697185365,0.18853208669669946
V197,float64,0.7231747830183161,15,0.10662019353501938,0.15756307657693558,0.10725384373422789,candidata,0.016461105562922684,0.16167835296766625
V198,float64,0.7231747830183161,15,0.17952085199567636,0.16146013397003403,0.11766795275504643,candidata,0.021412753567304765,0.16681332236186022
V199,float64,0.7231409157104284,45,3.404743027202823,0.18435830973885933,0.3244828611444813,candidata,0.02940741923943091,0.33183471595433905
V200,float64,0.7231747830183161,46,1.2246097235497275,0.33705051081099185,0.2538608001224938,candidata,0.023552974881773325,0.3429387545314352
V201,float64,0.7231747830183161,46,1.4175707039382694,0.3529976884543561,0.2605910647396309,candidata,0.024468347105663035,0.35911477523077184
V202,float64,0.7231409157104284,5509,524624.4088067494,0.03251402586889538,0.21014736061052489,excluida_redundante_con_V167,0.00855065921268583,0.21228502541369634
V203,float64,0.7231409157104284,7789,29036900.906609844,0.0007589791417407098,0.21681569536941694,candidata,0.01059419127548411,0.21946424318828797
V204,float64,0.7231409157104284,6676,4822072.626336571,0.005507629842161005,0.22307521735283126,excluida_redundante_con_V168,0.012402265576712868,0.22617578374700947
V205,float64,0.7231409157104284,1365,100600.78027974586,-0.013452602467891601,0.0011917703706342373,candidata,0.0,0.013452602467891601
V206,float64,0.7231409157104284,1032,49591.57946364964,-0.010163658827094763,-0.014744377351951589,candidata,0.0,0.014744377351951589
V207,float64,0.7231409157104284,2001,1300653.6339898687,-0.014841441978994946,0.022893259855652905,candidata,0.0,0.022893259855652905
V208,float64,0.7231747830183161,1502,4877.173108271633,0.01472969386847615,0.03649027284288031,candidata,0.0,0.03649027284288031
V209,float64,0.7231747830183161,1964,41750.0617233468,-0.0033588786991933088,0.03432253741655377,candidata,0.0,0.03432253741655377
V210,float64,0.7231747830183161,1652,6335.277338587743,0.022965885155166666,0.037089569624591444,candidata,0.0,0.037089569624591444
V211,float64,0.7231409157104284,3556,94212.20316333845,0.04509234350053571,0.24007516130768664,excluida_redundante_con_V177,0.009412346814619443,0.2424282480113415
V212,float64,0.7231409157104284,4266,4563513.6264593275,0.0058771039088433615,0.25439069788546625,excluida_redundante_con_V178,0.011862630415355069,0.257356355489305
V213,float64,0.7231409157104284,3968,640884.4118541852,0.023256993227926303,0.25518198018215,excluida_redundante_con_V179,0.011362275385550902,0.2580225490285377
V214,float64,0.7231409157104284,1298,189222.94983700043,0.040169755970139616,0.09923670113410997,candidata,0.0,0.09923670113410997
V215,float64,0.7231409157104284,1555,809191.250657546,0.02325579907573144,0.11173505528894027,candidata,0.0,0.11173505528894027
V216,float64,0.7231409157104284,1436,252771.87022142526,0.033041368082752626,0.11194655177714732,candidata,0.0,0.11194655177714732
V217,float64,0.7365215811722399,54,3.3638463836808374,0.28487646162209157,0.25672982393914856,candidata,0.010680723238922996,0.2875466424318223
V218,float64,0.7365215811722399,99,41.816606876148725,0.11760797481405973,0.2690301442109719,candidata,0.01272515968110266,0.27221143413124754
V219,float64,0.7365215811722399,78,8.290518126605075,0.2269383179955136,0.27049995183228726,candidata,0.012399409548119023,0.273599804219317
V220,float64,0.7186180906843351,24,0.8553379559552151,0.056236531066635814,0.037291579172120476,candidata,0.0,0.056236531066635814
V221,float64,0.7186180906843351,71,8.467906289963572,0.13744605404321503,0.0869114850271371,candidata,0.017233508085029214,0.14175443106447233
V222,float64,0.7186180906843351,71,9.39272942493188,0.1755318354758648,0.10528482347971307,candidata,0.01583167837933952,0.17948975507069967
V223,float64,0.7365215811722399,17,0.18101240026010487,-0.0019783191498704607,0.00522940158814008,candidata,0.0,0.00522940158814008
V224,float64,0.7365215811722399,77,15.799974354370015,0.0023557468138191255,0.05313392369666944,candidata,0.0,0.05313392369666944
V225,float64,0.7365215811722399,34,2.1796670715491024,0.007814985977385525,0.038571096485970735,candidata,0.0,0.038571096485970735
V226,float64,0.7365215811722399,31,1.842508096437068,0.04428557438634533,0.04790631312741545,candidata,0.0,0.04790631312741545
V227,float64,0.7186180906843351,41,5.360755685233028,0.023075718559441957,0.058094234988979296,candidata,0.0,0.058094234988979296
V228,float64,0.7365215811722399,54,1.8105692506953626,0.2590450564919805,0.2647530500332377,candidata,0.021381877545138428,0.2700985194195223
V229,float64,0.7365215811722399,90,25.44468503217465,0.10478788153201116,0.2813625142136255,candidata,0.015656539790636304,0.2852766491612846
V230,float64,0.7365215811722399,65,4.975605909244203,0.19771791628173518,0.2831759139381408,candidata,0.02017146998720931,0.2882187814349431
V231,float64,0.7365215811722399,52,2.3538758251102885,0.2891645511924765,0.28462014322427864,candidata,0.010725969848564443,0.29184604365461764
V232,float64,0.7365215811722399,52,4.730333375198035,0.28173954495585085,0.30052368245651107,candidata,0.013599054790400134,0.3039234461541111
V233,float64,0.7365215811722399,52,3.0460887204530898,0.3114426578663737,0.29431304731735364,candidata,0.011745581069297684,0.3143790531336981
V234,float64,0.7186180906843351,121,114.64774140909988,-0.005521690919731737,0.13560536659096015,excluida_redundante_con_V236,0.004677658003199747,0.13677478109176008
V235,float64,0.7365215811722399,16,0.3482039203483631,0.12894725366968876,0.1312527793348672,excluida_redundante_con_V276,0.002436130282697846,0.13186181190554166
V236,float64,0.7365215811722399,29,1.4270027095154911,0.10210456251735983,0.1707176234671798,candidata,0.0036802639320030472,0.17163768945018057
V237,float64,0.7365215811722399,17,0.5157569698695483,0.1403079887905331,0.15426444963305722,excluida_redundante_con_V278,0.004005228604420097,0.15526575678416224
V238,float64,0.7186180906843351,18,0.30640993405451056,0.1154911334399381,0.12817871797658306,candidata,0.0020851742952037178,0.128700011550384
V239,float64,0.7186180906843351,18,0.3726122995756497,0.14867099945152745,0.14269629348712204,candidata,0.0036875180258204576,0.14959287895798257
V240,float64,0.7365215811722399,5,0.0029317805486779114,0.0027903440481855755,0.010816019359162602,candidata,0.0,0.010816019359162602
V241,float64,0.7365215811722399,4,0.0005140705417553731,-0.004763759317377943,-0.004763759317377947,candidata,0.0,0.004763759317377947
V242,float64,0.7365215811722399,20,0.3818912861137302,0.34998789712804346,0.3888296913692958,candidata,0.022726201327568862,0.394511241701188
V243,float64,0.7365215811722399,42,2.524545618938463,0.16481953301423927,0.380319460091176,candidata,0.02750108608431745,0.38719473161225537
V244,float64,0.7365215811722399,22,0.41166837619144553,0.35398858528156324,0.39616212243874993,candidata,0.023757043157486724,0.4021013832281216
V245,float64,0.7186180906843351,49,3.991914500588123,0.09292969228459919,0.07028539671099925,candidata,0.0,0.09292969228459919
V246,float64,0.7365215811722399,45,0.9974534891534245,0.35126317438510435,0.37694126489813184,candidata,0.02279307874622205,0.38263953458468736
V247,float64,0.7365215811722399,12,0.06649568968265657,0.16605261530201737,0.24582519115090878,candidata,0.015730337744323197,0.24975777558698958
V248,float64,0.7365215811722399,15,1.1288897567640008,0.06288387896428195,0.22395864589588682,candidata,0.015730445927255365,0.22789125737770066
V249,float64,0.7365215811722399,15,0.3649142399906201,0.08753786110060481,0.24004502848515885,candidata,0.015508695672471484,0.24392220240327672
V250,float64,0.7186180906843351,14,0.19830814618688125,0.026625717178367814,-0.006124630994933447,candidata,0.0,0.026625717178367814
V251,float64,0.7186180906843351,14,0.2134532393349555,0.05120804132466289,0.0032541373458106772,candidata,0.0,0.05120804132466289
V252,float64,0.7365215811722399,18,0.15672830962601272,0.16596801967516922,0.25078880185063324,candidata,0.020917720251906413,0.25601823191360984
V253,float64,0.7365215811722399,59,19.689094289043204,0.019364581260519088,0.21221062263367782,candidata,0.009272109162275832,0.21452864992424678
V254,float64,0.7365215811722399,38,2.7151000160561765,0.04562316389620344,0.2374990457138608,candidata,0.020059492674806556,0.24251391888256243
V255,float64,0.7186180906843351,35,0.9512646952573911,0.03867518825100151,0.0015175567708164092,candidata,0.0,0.03867518825100151
V256,float64,0.7186180906843351,41,1.037660035773701,0.06212568209220647,0.011080438848825007,candidata,0.0,0.06212568209220647
V257,float64,0.7365215811722399,48,1.5524427319868193,0.38066425015529826,0.3692995946654613,candidata,0.02630545678506868,0.3872406143515654
V258,float64,0.7365215811722399,66,4.6223624376330665,0.2563328876496744,0.36913110683708583,candidata,0.025651054009901753,0.37554387033956127
V259,float64,0.7186180906843351,63,5.217160834845943,0.16230528040273517,0.0958941487194361,candidata,0.02224165624582186,0.16786569446419064
V260,float64,0.7365215811722399,8,0.12453173002482759,0.12247466837963052,0.09039667260154265,candidata,0.017216150735707147,0.1267787060635573
V261,float64,0.7365215811722399,40,2.0538776709354014,0.08987194877942736,0.1417342949357721,candidata,0.01850114002449721,0.1463595799418964
V262,float64,0.7365215811722399,21,0.41961491056543637,0.13460198831054318,0.12373913160996469,candidata,0.01593614200795357,0.13858602381253157
V263,float64,0.7365215811722399,5610,408081.64798363164,0.07555087951552622,0.2508478365111023,excluida_redundante_con_V217,0.010143638622933437,0.2533837461668357
V264,float64,0.7365215811722399,7393,4467756.880006538,0.020465871110389392,0.26166019268196067,excluida_redundante_con_V218,0.012119732185119858,0.26469012572824063
V265,float64,0.7365215811722399,6408,950126.3047501665,0.04120967471772829,0.26282148755561935,excluida_redundante_con_V219,0.012051668141769056,0.2658344045910616
V266,float64,0.7365215811722399,1264,56193.37608490817,-0.007200797789553774,0.005412010851393175,candidata,0.0,0.007200797789553774
V267,float64,0.7365215811722399,2180,585993.6731362618,-0.004667333334773222,0.05370622219701103,candidata,0.0,0.05370622219701103
V268,float64,0.7365215811722399,1653,130859.34736036633,-0.0036419761209963396,0.03870123062241208,candidata,0.0,0.03870123062241208
V269,float64,0.7365215811722399,125,55913.360407070446,-0.008955608637576695,-0.004357728817054372,candidata,0.0,0.008955608637576695
V270,float64,0.7186180906843351,1381,6169.928382377591,0.02135027629465609,0.05392761431938645,candidata,0.0,0.05392761431938645
V271,float64,0.7186180906843351,1649,7357.958024898105,0.03602065021838706,0.06013132921642288,candidata,0.0,0.06013132921642288
V272,float64,0.7186180906843351,1492,6909.090579751304,0.03359157398588358,0.058513283859965036,candidata,0.0,0.058513283859965036
V273,float64,0.7365215811722399,3731,82968.10188921077,0.08611039799352711,0.2825372019253615,excluida_redundante_con_V231,0.013514695094209994,0.285915875698914
V274,float64,0.7365215811722399,4361,784572.4220981515,0.03211483938185959,0.2987094407474357,excluida_redundante_con_V232,0.013927837952378619,0.30219140023553037
V275,float64,0.7365215811722399,4055,210514.82252204785,0.053270681986843836,0.2921883966028321,excluida_redundante_con_V233,0.012871284048191711,0.29540621761488
V276,float64,0.7365215811722399,1299,198855.58088592382,0.04444726046513885,0.13132967679060864,candidata,0.004853654694934706,0.13254309046434232
V277,float64,0.7365215811722399,1485,351032.09541146655,0.04012175892576524,0.16944264885030302,excluida_redundante_con_V236,0.007151746643771162,0.17123058551124581
V278,float64,0.7365215811722399,1400,224781.2281600844,0.047567336291881104,0.1540543619894333,candidata,0.005803775064787464,0.15550530575563018
V279,float64,3.694615405930474e-05,56,1.3481117294029579,0.06998439823332112,0.08246891861976158,candidata,0.0,0.08246891861976158
V280,float64,3.694615405930474e-05,138,21.631927992547407,0.0552588402795624,0.07828617219003546,candidata,0.0,0.07828617219003546
V281,float64,1.2315384686434911e-05,23,0.26215751831316814,0.07372028850983793,0.07365041103062132,candidata,0.0,0.07372028850983793
V282,float64,1.2315384686434911e-05,33,0.8655049156385051,0.09949206428174177,0.08934346725574474,candidata,0.0,0.09949206428174177
V283,float64,1.2315384686434911e-05,52,2.756907103528483,0.106224720247404,0.09298537283716636,candidata,0.0,0.106224720247404
V284,float64,3.694615405930474e-05,13,0.10762683801320087,0.03811902403079202,0.03915700995871898,candidata,0.0,0.03915700995871898
V285,float64,3.694615405930474e-05,96,8.617709584090493,-0.004477270768378073,-0.009525378306211743,candidata,0.0,0.009525378306211743
V286,float64,3.694615405930474e-05,8,0.03693493159085791,0.009340495491211282,0.00932286285413512,candidata,0.0,0.009340495491211282
V287,float64,3.694615405930474e-05,31,0.9124703172977415,0.029697160331005248,0.035486321301169264,candidata,0.0,0.035486321301169264
V288,float64,1.2315384686434911e-05,9,0.17017487778074453,0.039419992008320165,0.03331050258271034,candidata,0.0,0.039419992008320165
V289,float64,1.2315384686434911e-05,10,0.3243107456975384,0.04889979879953547,0.03722418117874017,candidata,0.0,0.04889979879953547
V290,float64,3.694615405930474e-05,56,0.6246503992417444,0.04323480666846418,0.06974937253518722,candidata,0.0,0.06974937253518722
V291,float64,3.694615405930474e-05,140,310.15110687477477,0.02717579337248703,0.05337623525044329,candidata,0.0,0.05337623525044329
V292,float64,3.694615405930474e-05,99,16.801532613468943,0.0331297751415325,0.0783563071102331,candidata,0.0,0.0783563071102331
V293,float64,3.694615405930474e-05,55,0.9479005738829256,0.0584729857219053,0.08842546649644933,candidata,0.0,0.08842546649644933
V294,float64,3.694615405930474e-05,224,323.8973313430515,0.03405740893405738,0.11433575424352246,candidata,0.0,0.11433575424352246
V295,float64,3.694615405930474e-05,140,19.246384840847046,0.04727300772458125,0.1119232751802945,candidata,0.0,0.1119232751802945
V296,float64,1.2315384686434911e-05,60,1.6932672822473571,0.056119906253548325,0.040055577997032236,candidata,0.0,0.056119906253548325
V297,float64,3.694615405930474e-05,13,0.14113427416973856,0.03034766117830179,0.025886161955489696,candidata,0.0,0.03034766117830179
V298,float64,3.694615405930474e-05,44,1.0161215673359432,0.055685143934633835,0.04046351218934256,candidata,0.0,0.055685143934633835
V299,float64,3.694615405930474e-05,26,0.30088734149255786,0.041596937611907,0.03584840922699342,candidata,0.0,0.041596937611907
V300,float64,1.2315384686434911e-05,12,0.09177164699236033,0.033582556546776686,0.03348279639351829,candidata,0.0,0.033582556546776686
V301,float64,1.2315384686434911e-05,12,0.1041598400352064,0.04285895331867924,0.03695256093197951,candidata,0.0,0.04285895331867924
V302,float64,3.694615405930474e-05,11,0.24020418524180254,0.11501859291698378,0.11381010188291012,candidata,0.0,0.11501859291698378
V303,float64,3.694615405930474e-05,14,0.3363042494653207,0.12195775636187893,0.11863259825117482,candidata,0.008499681470386378,0.12408267672947552
V304,float64,3.694615405930474e-05,11,0.26663937948732686,0.12201070935659472,0.11687819923749189,candidata,0.0063010321586312035,0.12358596739625252
V305,float64,3.694615405930474e-05,2,9.2368229018691e-06,0.0,0.0,candidata,0.0,0.0
V306,float64,3.694615405930474e-05,9341,193272.53772999143,0.04496807453057093,0.08288705674175947,candidata,0.0,0.08288705674175947
V307,float64,3.694615405930474e-05,23448,2462030.2774849813,0.05015918469905849,0.038016812652460895,candidata,0.0,0.05015918469905849
V308,float64,3.694615405930474e-05,13756,407304.52415098465,0.07518911764720619,0.07736146488837939,candidata,0.0,0.07736146488837939
V309,float64,3.694615405930474e-05,2707,18201.038672034287,0.031474083963012295,0.04015376658430068,candidata,0.0,0.04015376658430068
V310,float64,3.694615405930474e-05,12560,103418.7524931531,0.016163807353650656,-0.004887887383884091,candidata,0.0,0.016163807353650656
V311,float64,3.694615405930474e-05,1931,15532.235912206355,0.002088196739392354,0.009464273146902225,candidata,0.0,0.009464273146902225
V312,float64,3.694615405930474e-05,5181,30421.023348789397,0.04940732297730312,0.03711168557450044,candidata,0.0,0.04940732297730312
V313,float64,1.2315384686434911e-05,3519,8035.641635821542,0.037185101178276704,0.03522949694849933,candidata,0.0,0.037185101178276704
V314,float64,1.2315384686434911e-05,7319,24522.714456260084,0.037543368622229234,0.03194224245072377,candidata,0.0,0.037543368622229234
V315,float64,1.2315384686434911e-05,4446,11490.018739349147,0.04749722435958986,0.03844870136842732,candidata,0.0,0.04749722435958986
V316,float64,3.694615405930474e-05,5393,84724.5455884693,0.04988048118189904,0.08891690011295345,candidata,0.0,0.08891690011295345
V317,float64,3.694615405930474e-05,9227,2020013.8632859113,0.046242450991205726,0.11368673414709364,candidata,0.0,0.11368673414709364
V318,float64,3.694615405930474e-05,7182,250655.89003657928,0.07099080389374969,0.11178710089011612,candidata,0.0,0.11178710089011612
V319,float64,3.694615405930474e-05,2900,65214.07530624375,0.007652680461249683,0.02587681040129113,candidata,0.0,0.02587681040129113
V320,float64,3.694615405930474e-05,3922,80930.14180123835,0.03545365758509259,0.040329518054251806,candidata,0.0,0.040329518054251806
V321,float64,3.694615405930474e-05,3324,69959.87546958915,0.015610373389717012,0.03587517287329956,candidata,0.0,0.03587517287329956
V322,float64,0.8174398162544605,33,1.406676412793374,0.04038297424791863,0.06545327637581988,candidata,0.0,0.06545327637581988
V323,float64,0.8174398162544605,50,8.991255775618516,0.044718963650374796,0.08112688589410509,candidata,0.0,0.08112688589410509
V324,float64,0.8174398162544605,34,2.3337640596968052,0.06405020561557465,0.08411775780316541,candidata,0.0,0.08411775780316541
V325,float64,0.8174398162544605,13,0.07666504392396972,0.02509417739693199,0.024361881509888147,candidata,0.0,0.02509417739693199
V326,float64,0.8174398162544605,45,4.629907319414312,0.026871943874572892,0.04314812269753928,candidata,0.0,0.04314812269753928
V327,float64,0.8174398162544605,19,0.5037603985210091,0.04764586031610371,0.04833403886259247,candidata,0.0,0.04833403886259247
V328,float64,0.8174398162544605,16,0.38568247972013203,0.039741102872351296,0.041925855033450365,candidata,0.0,0.041925855033450365
V329,float64,0.8174398162544605,25,1.0975721754940038,0.03116551468934458,0.05136119967839762,candidata,0.0,0.05136119967839762
V330,float64,0.8174398162544605,16,0.487563337003042,0.05127942795547716,0.051459267878285656,candidata,0.0,0.051459267878285656
V331,float64,0.8174398162544605,334,350048.6067152955,0.006872702883873707,0.06984165254627839,candidata,0.0,0.06984165254627839
V332,float64,0.8174398162544605,787,502710.0922246211,0.017384944735089638,0.08641732390848016,candidata,0.0,0.08641732390848016
V333,float64,0.8174398162544605,534,381364.58263286925,0.015224848048937669,0.08689959313700911,candidata,0.0,0.08689959313700911
V334,float64,0.8174398162544605,114,75817.1684415883,0.008002204047450142,0.024802756537253497,candidata,0.0,0.024802756537253497
V335,float64,0.8174398162544605,478,102662.70141729899,0.02736866186454964,0.04342819529498258,candidata,0.0,0.04342819529498258
V336,float64,0.8174398162544605,269,78813.50763360095,0.024248010012912498,0.048153054694910706,candidata,0.0,0.048153054694910706
V337,float64,0.8174398162544605,143,69523.13715807268,0.012355980856116043,0.04290774382681099,candidata,0.0,0.04290774382681099
V338,float64,0.8174398162544605,205,85783.6404999582,0.019119079425318385,0.05221428267812648,candidata,0.0,0.05221428267812648
V339,float64,0.8174398162544605,166,72656.22679303287,0.018035065053062363,0.05206497135721471,candidata,0.0,0.05206497135721471
id_01,float64,0.714055240658011,60,194.6010741533549,-0.12600579092049555,-0.11802754712207711,candidata,0.013463172850080474,0.12937158413301567
id_02,float64,0.7206378137729105,78471,19117021797.920486,0.06986110496714512,0.05323457777579434,candidata,0.0,0.06986110496714512
id_03,float64,0.8725511627262567,22,0.3568549248682218,0.021210010272936904,0.031392530324813636,candidata,0.0,0.031392530324813636
id_04,float64,0.8725511627262567,15,0.47719779082242686,-0.05819088265111519,-0.0409920235889639,candidata,0.0,0.05819088265111519
id_05,float64,0.7281655926624938,84,28.250504403767767,-0.01261295395236353,0.016295172536065435,candidata,0.0,0.016295172536065435
id_06,float64,0.7281655926624938,99,271.2948601858429,-0.039460070255787266,-0.06240209404427973,candidata,0.0,0.06240209404427973
id_07,float64,0.9895842634014477,76,121.17638318562587,-0.033781243880537715,-0.04918703217651125,excluida_alta_ausencia,0.0,0.04918703217651125
id_08,float64,0.9895842634014477,93,669.8387991720525,-0.03182803554316275,-0.0378902399054799,excluida_alta_ausencia,0.0,0.0378902399054799
id_09,float64,0.8541889241587822,38,0.9292072018723873,0.026621535526001463,0.039185990679257564,candidata,0.0,0.039185990679257564
id_10,float64,0.8541889241587822,55,6.65183042818038,0.011206655958646507,0.0089517029537334,candidata,0.0,0.011206655958646507
id_11,float64,0.7202960618478619,333,1.3419878408274264,0.010466688513262046,0.008893996344994043,candidata,0.0,0.010466688513262046
id_13,float64,0.7551393639719579,49,99.26020752426356,-0.015899194149655103,-0.032574088484969295,candidata,0.0,0.032574088484969295
id_14,float64,0.8230525528253032,25,8817.140668558937,0.04028758066687652,0.03044523190404097,candidata,0.0,0.04028758066687652
id_17,float64,0.7229284753245874,99,863.289629438048,0.15673904708255346,0.15771940714039281,candidata,0.02151064904714195,0.1630970694021783
id_18,float64,0.9112122341031476,16,2.219518778687587,0.02950741733900843,0.04024560800195671,candidata,0.0,0.04024560800195671
id_19,float64,0.7229962099403627,489,20147.00126345694,-0.03892392221826083,-0.04015148633137226,candidata,0.0,0.04015148633137226
id_20,float64,0.7229992887865344,337,22753.644842287416,0.045801957723994126,0.04478690988291373,candidata,0.0,0.045801957723994126
id_21,float64,0.9895719480167613,388,39003.32481443328,0.027446290274650797,0.017627351163473887,excluida_alta_ausencia,0.0,0.027446290274650797
id_22,float64,0.9895596326320748,20,42.331249559609894,0.10409948024946054,0.09883707502506563,excluida_alta_ausencia,0.0,0.10409948024946054
id_24,float64,0.9903632114828647,9,4.797790942609434,-0.08508947570935875,-0.09292774989584032,excluida_alta_ausencia,0.0,0.09292774989584032
id_25,float64,0.9896088941708205,284,9474.86474135546,0.04722873030133344,0.041980888069774985,excluida_alta_ausencia,0.0,0.04722873030133344
id_26,float64,0.9895627114782464,79,1041.1465030451634,0.05710219373881539,0.05515338480679218,excluida_alta_ausencia,0.0,0.05710219373881539
id_32,float64,0.8277108470829472,4,14.40912487752478,0.06814870275263361,0.06918370783450167,candidata,0.0,0.06918370783450167
log_amount,float32,0.0,13670,0.8690490126609802,-0.004951435918787556,-0.0010586280551795671,excluida_redundante_con_TransactionAmt,0.0,0.004951435918787556
hour_sin,float32,0.0,42655,0.4049992263317108,0.02637260848849425,0.02008960277283992,candidata,0.0,0.02637260848849425
hour_cos,float32,0.0,42495,0.3997669219970703,0.003410812180295043,0.0029281459625325095,candidata,0.0,0.003410812180295043
weekday_sin,float32,0.0,184391,0.5248848795890808,0.012914463658005401,0.012130586728085637,candidata,0.0,0.012914463658005401
weekday_cos,float32,0.0,186496,0.4727475345134735,-2.6626172711305614e-05,-0.0008938147486340607,candidata,0.0,0.0008938147486340607
missing_count,float32,0.0,264,2712.517578125,-0.11095513565953985,-0.09633019791173206,candidata,0.0,0.11095513565953985
entity_prior_count,float32,0.0,5472,283947.03125,0.01619642325515765,0.044035112543209264,candidata,0.0,0.044035112543209264
entity_prior_amt_mean,float32,0.0,234370,13564.720703125,-0.007017895699729449,-0.028750644911928098,candidata,0.0,0.028750644911928098
entity_prior_amt_std,float32,0.0,259485,16247.01171875,-0.013912775546570584,-0.018145321541924712,candidata,0.0,0.018145321541924712
amount_to_prior_mean,float32,0.0,263859,3.5559427738189697,0.002044910678043949,0.02379708095039485,candidata,0.0,0.02379708095039485
hours_since_prior,float32,0.0,149642,31445.025390625,-0.0257588353597795,-0.04731372666498031,candidata,0.0,0.04731372666498031
entity_count_1h,float32,0.0,27,1.5719729661941528,0.04778959773953786,0.0621784356686017,candidata,0.0,0.0621784356686017
entity_count_6h,float32,0.0,74,22.43507957458496,0.01879518567196617,0.049511929432869764,candidata,0.0,0.049511929432869764
entity_count_24h,float32,0.0,174,177.37149047851562,0.01492870999429189,0.0507663714883224,candidata,0.0,0.0507663714883224
entity_count_72h,float32,0.0,447,1429.2576904296875,0.012894753179716117,0.047648400837661656,candidata,0.0,0.047648400837661656
